/*
 Navicat Premium Data Transfer

 Source Server         : localhost_3306
 Source Server Type    : MySQL
 Source Server Version : 50721
 Source Host           : localhost:3306
 Source Schema         : ionic_test

 Target Server Type    : MySQL
 Target Server Version : 50721
 File Encoding         : 65001

 Date: 24/04/2018 11:31:52
*/

SET NAMES utf8mb4;
SET FOREIGN_KEY_CHECKS = 0;

-- ----------------------------
-- Table structure for genders
-- ----------------------------
DROP TABLE IF EXISTS `genders`;
CREATE TABLE `genders` (
  `id` int(3) NOT NULL AUTO_INCREMENT,
  `name` varchar(50) DEFAULT NULL,
  PRIMARY KEY (`id`)
) ENGINE=InnoDB AUTO_INCREMENT=4 DEFAULT CHARSET=utf8;

-- ----------------------------
-- Records of genders
-- ----------------------------
BEGIN;
INSERT INTO `genders` VALUES (1, 'Male');
INSERT INTO `genders` VALUES (2, 'Female');
COMMIT;

-- ----------------------------
-- Table structure for groups
-- ----------------------------
DROP TABLE IF EXISTS `groups`;
CREATE TABLE `groups` (
  `id` int(11) unsigned NOT NULL AUTO_INCREMENT,
  `name` varchar(100) DEFAULT NULL,
  PRIMARY KEY (`id`)
) ENGINE=InnoDB AUTO_INCREMENT=3 DEFAULT CHARSET=utf8;

-- ----------------------------
-- Records of groups
-- ----------------------------
BEGIN;
INSERT INTO `groups` VALUES (1, 'Admin');
INSERT INTO `groups` VALUES (2, 'Members');
COMMIT;

-- ----------------------------
-- Table structure for students
-- ----------------------------
DROP TABLE IF EXISTS `students`;
CREATE TABLE `students` (
  `id` int(11) unsigned NOT NULL AUTO_INCREMENT,
  `first_name` varchar(50) DEFAULT NULL,
  `last_name` varchar(50) DEFAULT NULL,
  `email` varchar(50) DEFAULT NULL,
  `university` varchar(50) DEFAULT NULL,
  `img` varchar(50) DEFAULT NULL,
  `gender_id` int(3) DEFAULT NULL,
  PRIMARY KEY (`id`)
) ENGINE=InnoDB AUTO_INCREMENT=1001 DEFAULT CHARSET=utf8;

-- ----------------------------
-- Records of students
-- ----------------------------
BEGIN;
INSERT INTO `students` VALUES (1, 'Paul', 'Ruger', 'pruger0@mtv.com', 'St. Petersburg State Marine Technical University', 'http://dummyimage.com/48x48.jpg/ff4444/ffffff', 1);
INSERT INTO `students` VALUES (2, 'Webb', 'Bein', 'wbein1@patch.com', 'Koyasan University', 'http://dummyimage.com/48x48.jpg/cc0000/ffffff', 1);
INSERT INTO `students` VALUES (3, 'Hattie', 'Burgne', 'hburgne2@hexun.com', 'St. Louis University', 'http://dummyimage.com/48x48.jpg/5fa2dd/ffffff', 2);
INSERT INTO `students` VALUES (4, 'Karl', 'Downing', 'kdowning3@reference.com', 'Athlone Institute of Technology', 'http://dummyimage.com/48x48.jpg/dddddd/000000', 1);
INSERT INTO `students` VALUES (5, 'Frank', 'McCarty', 'fmccarty4@com.com', 'Showa University', 'http://dummyimage.com/48x48.bmp/cc0000/ffffff', 1);
INSERT INTO `students` VALUES (6, 'Travers', 'Grestye', 'tgrestye5@indiegogo.com', 'Aljouf University', 'http://dummyimage.com/48x48.bmp/dddddd/000000', 1);
INSERT INTO `students` VALUES (7, 'Nelly', 'Pigny', 'npigny6@patch.com', 'Fachhochschule des Mittelstandes (FHM)', 'http://dummyimage.com/48x48.jpg/5fa2dd/ffffff', 2);
INSERT INTO `students` VALUES (8, 'Dorothea', 'Delgadillo', 'ddelgadillo7@so-net.ne.jp', 'California Institute of Technology', 'http://dummyimage.com/48x48.jpg/dddddd/000000', 2);
INSERT INTO `students` VALUES (9, 'Hewitt', 'Laffoley-Lane', 'hlaffoleylane8@un.org', 'University of the Philippines Baguio', 'http://dummyimage.com/48x48.png/cc0000/ffffff', 1);
INSERT INTO `students` VALUES (10, 'Oliviero', 'Oxberry', 'ooxberry9@alibaba.com', 'Georgia Southwestern University', 'http://dummyimage.com/48x48.bmp/cc0000/ffffff', 1);
INSERT INTO `students` VALUES (11, 'Andrus', 'Jenk', 'ajenka@umn.edu', 'Technical University of Radom', 'http://dummyimage.com/48x48.png/ff4444/ffffff', 1);
INSERT INTO `students` VALUES (12, 'Israel', 'Rymill', 'irymillb@diigo.com', 'Ecole Spéciale des Travaux Publics du Bâtiment et ', 'http://dummyimage.com/48x48.jpg/ff4444/ffffff', 1);
INSERT INTO `students` VALUES (13, 'Clifford', 'Portam', 'cportamc@walmart.com', 'Universidade do Amazonas', 'http://dummyimage.com/48x48.png/dddddd/000000', 1);
INSERT INTO `students` VALUES (14, 'Freeman', 'Vaskin', 'fvaskind@jimdo.com', 'Universität Dortmund', 'http://dummyimage.com/48x48.bmp/ff4444/ffffff', 1);
INSERT INTO `students` VALUES (15, 'Dina', 'Simner', 'dsimnere@miibeian.gov.cn', 'Muroran Institute of Technology', 'http://dummyimage.com/48x48.jpg/cc0000/ffffff', 2);
INSERT INTO `students` VALUES (16, 'Poppy', 'Titterell', 'ptitterellf@dell.com', 'European School of Economics', 'http://dummyimage.com/48x48.png/cc0000/ffffff', 2);
INSERT INTO `students` VALUES (17, 'Ninon', 'Brearton', 'nbreartong@reuters.com', 'Belarussian National Technical University', 'http://dummyimage.com/48x48.bmp/dddddd/000000', 2);
INSERT INTO `students` VALUES (18, 'Michele', 'Tight', 'mtighth@google.nl', 'University of Cyprus', 'http://dummyimage.com/48x48.bmp/ff4444/ffffff', 2);
INSERT INTO `students` VALUES (19, 'Merwin', 'Falshaw', 'mfalshawi@whitehouse.gov', 'University of Applied Sciences Rapperswil', 'http://dummyimage.com/48x48.jpg/cc0000/ffffff', 1);
INSERT INTO `students` VALUES (20, 'Steven', 'Bachnic', 'sbachnicj@godaddy.com', 'Universidad Santiago de Cali', 'http://dummyimage.com/48x48.bmp/ff4444/ffffff', 1);
INSERT INTO `students` VALUES (21, 'Ros', 'Merill', 'rmerillk@bbc.co.uk', 'Universidad Nacional del Noroeste de la Provincia ', 'http://dummyimage.com/48x48.bmp/dddddd/000000', 2);
INSERT INTO `students` VALUES (22, 'Francene', 'Culleton', 'fculletonl@4shared.com', 'Shandong University', 'http://dummyimage.com/48x48.png/ff4444/ffffff', 2);
INSERT INTO `students` VALUES (23, 'Alain', 'Edwin', 'aedwinm@tripadvisor.com', 'University of Applied Sciences Basel (FHBB )', 'http://dummyimage.com/48x48.jpg/ff4444/ffffff', 1);
INSERT INTO `students` VALUES (24, 'Fonz', 'Glen', 'fglenn@free.fr', 'California College for Health Sciences', 'http://dummyimage.com/48x48.jpg/ff4444/ffffff', 1);
INSERT INTO `students` VALUES (25, 'Darcey', 'Brassill', 'dbrassillo@gnu.org', 'West Virginia University Institute of Technology', 'http://dummyimage.com/48x48.jpg/5fa2dd/ffffff', 2);
INSERT INTO `students` VALUES (26, 'Linet', 'Bucknill', 'lbucknillp@amazonaws.com', 'Chongqing Technology and Business University', 'http://dummyimage.com/48x48.png/cc0000/ffffff', 2);
INSERT INTO `students` VALUES (27, 'Kathie', 'Spino', 'kspinoq@live.com', 'Universidade Federal de Santa Catarina', 'http://dummyimage.com/48x48.bmp/dddddd/000000', 2);
INSERT INTO `students` VALUES (28, 'Daron', 'Juliff', 'djuliffr@webeden.co.uk', 'University of Rio Grande', 'http://dummyimage.com/48x48.png/ff4444/ffffff', 1);
INSERT INTO `students` VALUES (29, 'Aeriell', 'Keirle', 'akeirles@discovery.com', 'Tokyo University of Fisheries', 'http://dummyimage.com/48x48.png/5fa2dd/ffffff', 2);
INSERT INTO `students` VALUES (30, 'Henrie', 'Mountstephen', 'hmountstephent@weibo.com', 'Kerman Graduate University of Technology', 'http://dummyimage.com/48x48.png/5fa2dd/ffffff', 2);
INSERT INTO `students` VALUES (31, 'Thadeus', 'Pacquet', 'tpacquetu@sciencedirect.com', 'Royal Academy of Music, University of London', 'http://dummyimage.com/48x48.jpg/cc0000/ffffff', 1);
INSERT INTO `students` VALUES (32, 'Faustina', 'Scutchin', 'fscutchinv@webs.com', 'University of Tennessee - Chattanooga', 'http://dummyimage.com/48x48.jpg/dddddd/000000', 2);
INSERT INTO `students` VALUES (33, 'Kora', 'Groves', 'kgrovesw@storify.com', 'Tietgen Business College', 'http://dummyimage.com/48x48.bmp/5fa2dd/ffffff', 2);
INSERT INTO `students` VALUES (34, 'Enrique', 'Sibbet', 'esibbetx@bbc.co.uk', 'Vikram University', 'http://dummyimage.com/48x48.jpg/5fa2dd/ffffff', 1);
INSERT INTO `students` VALUES (35, 'Aguistin', 'Shireff', 'ashireffy@google.de', 'Hagerstown Community College', 'http://dummyimage.com/48x48.bmp/dddddd/000000', 1);
INSERT INTO `students` VALUES (36, 'Berry', 'Ough', 'boughz@tinypic.com', 'Instituto Superior de Ciências Educativas', 'http://dummyimage.com/48x48.jpg/ff4444/ffffff', 2);
INSERT INTO `students` VALUES (37, 'Grady', 'Figger', 'gfigger10@ucoz.com', 'Lakshmibai National Institute of Physical Educatio', 'http://dummyimage.com/48x48.png/cc0000/ffffff', 1);
INSERT INTO `students` VALUES (38, 'Jacob', 'Grigoryov', 'jgrigoryov11@opera.com', 'Slovak University of Technology in Bratislava', 'http://dummyimage.com/48x48.bmp/ff4444/ffffff', 1);
INSERT INTO `students` VALUES (39, 'Christi', 'Pol', 'cpol12@is.gd', 'Pennsylvania State University Great Valley', 'http://dummyimage.com/48x48.png/5fa2dd/ffffff', 2);
INSERT INTO `students` VALUES (40, 'Archer', 'Wasson', 'awasson13@comsenz.com', 'International Institute for Population Sciences', 'http://dummyimage.com/48x48.jpg/dddddd/000000', 1);
INSERT INTO `students` VALUES (41, 'Isador', 'Robottom', 'irobottom14@desdev.cn', 'University of Patras', 'http://dummyimage.com/48x48.bmp/cc0000/ffffff', 1);
INSERT INTO `students` VALUES (42, 'Aldric', 'Cornwall', 'acornwall15@npr.org', 'Ghana Institute of Management and Public Administr', 'http://dummyimage.com/48x48.png/cc0000/ffffff', 1);
INSERT INTO `students` VALUES (43, 'Beulah', 'Gabites', 'bgabites16@woothemes.com', 'Ecole Superieur d\'Ingenieurs Leonard de Vinci', 'http://dummyimage.com/48x48.jpg/dddddd/000000', 2);
INSERT INTO `students` VALUES (44, 'Rhonda', 'Slany', 'rslany17@weather.com', 'Universidad Juárez del Estado de Durango', 'http://dummyimage.com/48x48.jpg/5fa2dd/ffffff', 2);
INSERT INTO `students` VALUES (45, 'Nanine', 'Bellamy', 'nbellamy18@com.com', 'Gandhara Institute of Medical Sciences', 'http://dummyimage.com/48x48.jpg/cc0000/ffffff', 2);
INSERT INTO `students` VALUES (46, 'Caroljean', 'Cozzi', 'ccozzi19@wisc.edu', 'Corporación Universitaria de Santander (UDES)', 'http://dummyimage.com/48x48.bmp/cc0000/ffffff', 2);
INSERT INTO `students` VALUES (47, 'Calv', 'Carrington', 'ccarrington1a@spotify.com', 'Saitama University', 'http://dummyimage.com/48x48.png/cc0000/ffffff', 1);
INSERT INTO `students` VALUES (48, 'Nikolaus', 'Goroni', 'ngoroni1b@loc.gov', 'Private Universität Witten/Herdecke', 'http://dummyimage.com/48x48.bmp/cc0000/ffffff', 1);
INSERT INTO `students` VALUES (49, 'Perl', 'Pagan', 'ppagan1c@tumblr.com', 'Institut National Supérieur de Formation Agro-Alim', 'http://dummyimage.com/48x48.png/cc0000/ffffff', 2);
INSERT INTO `students` VALUES (50, 'Kitty', 'Landre', 'klandre1d@privacy.gov.au', 'Universidad Nacional de Tumbes', 'http://dummyimage.com/48x48.jpg/dddddd/000000', 2);
INSERT INTO `students` VALUES (51, 'Elfie', 'Pickston', 'epickston1e@phoca.cz', 'Philadelphia University', 'http://dummyimage.com/48x48.jpg/cc0000/ffffff', 2);
INSERT INTO `students` VALUES (52, 'Alexis', 'Frodsam', 'afrodsam1f@sina.com.cn', 'South Texas College of Law', 'http://dummyimage.com/48x48.png/dddddd/000000', 2);
INSERT INTO `students` VALUES (53, 'Pier', 'Bothwell', 'pbothwell1g@zimbio.com', 'Huaqiao University Quanzhuo', 'http://dummyimage.com/48x48.bmp/cc0000/ffffff', 2);
INSERT INTO `students` VALUES (54, 'Garrard', 'Titta', 'gtitta1h@blogger.com', 'Daugavpils University', 'http://dummyimage.com/48x48.png/cc0000/ffffff', 1);
INSERT INTO `students` VALUES (55, 'Pate', 'Kneale', 'pkneale1i@tinypic.com', 'Gandhigram Rural Institute', 'http://dummyimage.com/48x48.png/5fa2dd/ffffff', 1);
INSERT INTO `students` VALUES (56, 'Kerk', 'Donnellan', 'kdonnellan1j@ifeng.com', 'Leon Kozminski Academy of Entrepreneurship and Man', 'http://dummyimage.com/48x48.png/cc0000/ffffff', 1);
INSERT INTO `students` VALUES (57, 'Willi', 'Matuszkiewicz', 'wmatuszkiewicz1k@issuu.com', 'Universidad Católica del Táchira', 'http://dummyimage.com/48x48.bmp/cc0000/ffffff', 1);
INSERT INTO `students` VALUES (58, 'Orella', 'Hendrickx', 'ohendrickx1l@usgs.gov', 'National University of Computer & Emerging Science', 'http://dummyimage.com/48x48.png/5fa2dd/ffffff', 2);
INSERT INTO `students` VALUES (59, 'Basia', 'Palister', 'bpalister1m@acquirethisname.com', 'Minamikyushu University', 'http://dummyimage.com/48x48.bmp/cc0000/ffffff', 2);
INSERT INTO `students` VALUES (60, 'Zelig', 'Dodamead', 'zdodamead1n@technorati.com', 'Faculdades Integradas UPIS', 'http://dummyimage.com/48x48.jpg/ff4444/ffffff', 1);
INSERT INTO `students` VALUES (61, 'Davina', 'Filipchikov', 'dfilipchikov1o@wunderground.com', 'University of Indianapolis in Athens', 'http://dummyimage.com/48x48.jpg/5fa2dd/ffffff', 2);
INSERT INTO `students` VALUES (62, 'Sapphira', 'Ferrie', 'sferrie1p@zimbio.com', 'National University of Science and Technology Bula', 'http://dummyimage.com/48x48.bmp/dddddd/000000', 2);
INSERT INTO `students` VALUES (63, 'Joann', 'Chidwick', 'jchidwick1q@timesonline.co.uk', 'Lazarski School of Commerce and Law', 'http://dummyimage.com/48x48.jpg/dddddd/000000', 2);
INSERT INTO `students` VALUES (64, 'Jacinda', 'Clineck', 'jclineck1r@cornell.edu', 'Katholieke Universiteit Leuven, Campus Kortrijk', 'http://dummyimage.com/48x48.jpg/cc0000/ffffff', 2);
INSERT INTO `students` VALUES (65, 'Maggie', 'Thacke', 'mthacke1s@google.nl', 'Roskilde University', 'http://dummyimage.com/48x48.jpg/cc0000/ffffff', 2);
INSERT INTO `students` VALUES (66, 'Karalee', 'Hain', 'khain1t@addtoany.com', 'University of Insubria', 'http://dummyimage.com/48x48.jpg/ff4444/ffffff', 2);
INSERT INTO `students` VALUES (67, 'Aubry', 'McQuillen', 'amcquillen1u@dion.ne.jp', 'Ecole Nationale Supérieure de Physique de Strasbou', 'http://dummyimage.com/48x48.png/ff4444/ffffff', 2);
INSERT INTO `students` VALUES (68, 'Wade', 'Minard', 'wminard1v@cnet.com', 'Halmstad University College', 'http://dummyimage.com/48x48.jpg/ff4444/ffffff', 1);
INSERT INTO `students` VALUES (69, 'Thomasin', 'Crampton', 'tcrampton1w@bizjournals.com', 'Agricultural-Technical Academy in Olsztyn', 'http://dummyimage.com/48x48.bmp/dddddd/000000', 2);
INSERT INTO `students` VALUES (70, 'Daisi', 'De Ruggiero', 'dderuggiero1x@nyu.edu', 'University of Leicester', 'http://dummyimage.com/48x48.jpg/ff4444/ffffff', 2);
INSERT INTO `students` VALUES (71, 'Mortimer', 'Betteson', 'mbetteson1y@cocolog-nifty.com', 'Crichton College', 'http://dummyimage.com/48x48.bmp/cc0000/ffffff', 1);
INSERT INTO `students` VALUES (72, 'Berti', 'Mains', 'bmains1z@wikia.com', 'Nebraska Wesleyan University', 'http://dummyimage.com/48x48.jpg/dddddd/000000', 1);
INSERT INTO `students` VALUES (73, 'Hermy', 'Edes', 'hedes20@freewebs.com', 'University of Rhode Island', 'http://dummyimage.com/48x48.jpg/ff4444/ffffff', 1);
INSERT INTO `students` VALUES (74, 'Rozanna', 'MacKeague', 'rmackeague21@admin.ch', 'Dowling College', 'http://dummyimage.com/48x48.png/5fa2dd/ffffff', 2);
INSERT INTO `students` VALUES (75, 'Calla', 'Buard', 'cbuard22@nba.com', 'West University of Timisoara', 'http://dummyimage.com/48x48.jpg/dddddd/000000', 2);
INSERT INTO `students` VALUES (76, 'Clerc', 'Camp', 'ccamp23@fc2.com', 'Politécnico Columbiano \"Jaime Isaza Cadavid\"', 'http://dummyimage.com/48x48.bmp/ff4444/ffffff', 1);
INSERT INTO `students` VALUES (77, 'Abigale', 'Gaskamp', 'agaskamp24@e-recht24.de', 'Centro Regional Universitário de Espiríto Santo do', 'http://dummyimage.com/48x48.bmp/cc0000/ffffff', 2);
INSERT INTO `students` VALUES (78, 'Eleonora', 'Morgan', 'emorgan25@t-online.de', 'Centre d\'Etudes Supérieures des Techniques Industr', 'http://dummyimage.com/48x48.jpg/dddddd/000000', 2);
INSERT INTO `students` VALUES (79, 'Glendon', 'Gimbrett', 'ggimbrett26@foxnews.com', 'University of Hull', 'http://dummyimage.com/48x48.bmp/5fa2dd/ffffff', 1);
INSERT INTO `students` VALUES (80, 'Allegra', 'McAlinden', 'amcalinden27@usnews.com', 'Suffolk University', 'http://dummyimage.com/48x48.jpg/dddddd/000000', 2);
INSERT INTO `students` VALUES (81, 'Pansy', 'Baccas', 'pbaccas28@wikipedia.org', 'Université Kofi Annan', 'http://dummyimage.com/48x48.png/cc0000/ffffff', 2);
INSERT INTO `students` VALUES (82, 'Jasun', 'La Grange', 'jlagrange29@furl.net', 'Northland College', 'http://dummyimage.com/48x48.bmp/ff4444/ffffff', 1);
INSERT INTO `students` VALUES (83, 'Luther', 'Ruzicka', 'lruzicka2a@delicious.com', 'Brest State University', 'http://dummyimage.com/48x48.jpg/5fa2dd/ffffff', 1);
INSERT INTO `students` VALUES (84, 'Boyd', 'Cokly', 'bcokly2b@constantcontact.com', 'Ecole Nationale Supérieure de Techniques Avancées', 'http://dummyimage.com/48x48.bmp/ff4444/ffffff', 1);
INSERT INTO `students` VALUES (85, 'Jill', 'Mokes', 'jmokes2c@sakura.ne.jp', 'Ecole Nationale Supérieure de Chimie de Paris', 'http://dummyimage.com/48x48.png/5fa2dd/ffffff', 2);
INSERT INTO `students` VALUES (86, 'Johan', 'Howerd', 'jhowerd2d@csmonitor.com', 'Widener University', 'http://dummyimage.com/48x48.png/dddddd/000000', 1);
INSERT INTO `students` VALUES (87, 'Marco', 'Reimer', 'mreimer2e@amazon.co.jp', 'Universitas Nasional Jakarta', 'http://dummyimage.com/48x48.bmp/ff4444/ffffff', 1);
INSERT INTO `students` VALUES (88, 'Madalyn', 'Carbett', 'mcarbett2f@cam.ac.uk', 'University of Gloucestershire', 'http://dummyimage.com/48x48.jpg/cc0000/ffffff', 2);
INSERT INTO `students` VALUES (89, 'Gray', 'Norgate', 'gnorgate2g@msu.edu', 'Virginia Intermont College', 'http://dummyimage.com/48x48.png/5fa2dd/ffffff', 1);
INSERT INTO `students` VALUES (90, 'Ronalda', 'Winders', 'rwinders2h@examiner.com', 'Universitas Bojonegoro', 'http://dummyimage.com/48x48.bmp/ff4444/ffffff', 2);
INSERT INTO `students` VALUES (91, 'Bobbee', 'Featherstonhaugh', 'bfeatherstonhaugh2i@facebook.com', 'Lancaster Bible College', 'http://dummyimage.com/48x48.jpg/cc0000/ffffff', 2);
INSERT INTO `students` VALUES (92, 'Sebastian', 'Nairn', 'snairn2j@wikimedia.org', 'Yaroslavl State Technical University', 'http://dummyimage.com/48x48.bmp/dddddd/000000', 1);
INSERT INTO `students` VALUES (93, 'Dwayne', 'Haliday', 'dhaliday2k@cnn.com', 'Qurtuba University of Science and Infromation Tech', 'http://dummyimage.com/48x48.jpg/cc0000/ffffff', 1);
INSERT INTO `students` VALUES (94, 'Jon', 'Vasilischev', 'jvasilischev2l@creativecommons.org', 'Polytechnic University, Westchester Graduate Cente', 'http://dummyimage.com/48x48.bmp/5fa2dd/ffffff', 1);
INSERT INTO `students` VALUES (95, 'Abraham', 'Rummings', 'arummings2m@tiny.cc', 'Campion College', 'http://dummyimage.com/48x48.bmp/ff4444/ffffff', 1);
INSERT INTO `students` VALUES (96, 'Remus', 'Heinrich', 'rheinrich2n@google.pl', 'Princess Nora Bint Abdulrahman University', 'http://dummyimage.com/48x48.bmp/5fa2dd/ffffff', 1);
INSERT INTO `students` VALUES (97, 'Dorita', 'Tassell', 'dtassell2o@ezinearticles.com', 'Al al-Bayt University', 'http://dummyimage.com/48x48.bmp/ff4444/ffffff', 2);
INSERT INTO `students` VALUES (98, 'Eldin', 'Haily', 'ehaily2p@imageshack.us', 'Universidad de Iberoamérica', 'http://dummyimage.com/48x48.bmp/cc0000/ffffff', 1);
INSERT INTO `students` VALUES (99, 'Timmy', 'Arnett', 'tarnett2q@flickr.com', 'Tver State Technical University', 'http://dummyimage.com/48x48.jpg/dddddd/000000', 2);
INSERT INTO `students` VALUES (100, 'Alexander', 'Nail', 'anail2r@ocn.ne.jp', 'LSB College', 'http://dummyimage.com/48x48.bmp/5fa2dd/ffffff', 1);
INSERT INTO `students` VALUES (101, 'Shepperd', 'Keepin', 'skeepin2s@soundcloud.com', 'Universidad Franco-Mexicana', 'http://dummyimage.com/48x48.bmp/ff4444/ffffff', 1);
INSERT INTO `students` VALUES (102, 'Fee', 'Gouth', 'fgouth2t@youtube.com', 'Shri Lal Bahadur Shastri Rashtriya Sanskrit Vidyap', 'http://dummyimage.com/48x48.png/ff4444/ffffff', 1);
INSERT INTO `students` VALUES (103, 'Rogerio', 'Panas', 'rpanas2u@privacy.gov.au', 'Mekelle University', 'http://dummyimage.com/48x48.png/ff4444/ffffff', 1);
INSERT INTO `students` VALUES (104, 'Stillmann', 'Hawke', 'shawke2v@businessweek.com', 'Southampton Solent University', 'http://dummyimage.com/48x48.png/dddddd/000000', 1);
INSERT INTO `students` VALUES (105, 'Leigh', 'Povah', 'lpovah2w@blog.com', 'Hollins University', 'http://dummyimage.com/48x48.bmp/5fa2dd/ffffff', 1);
INSERT INTO `students` VALUES (106, 'Ferdinande', 'Cloney', 'fcloney2x@forbes.com', 'University of Central Missouri', 'http://dummyimage.com/48x48.png/5fa2dd/ffffff', 2);
INSERT INTO `students` VALUES (107, 'Nevsa', 'Gallally', 'ngallally2y@cpanel.net', 'Symbiosis International University', 'http://dummyimage.com/48x48.png/ff4444/ffffff', 2);
INSERT INTO `students` VALUES (108, 'Ben', 'Kinghorne', 'bkinghorne2z@mit.edu', 'Ural State Conservatory', 'http://dummyimage.com/48x48.jpg/dddddd/000000', 1);
INSERT INTO `students` VALUES (109, 'Felecia', 'Ridder', 'fridder30@springer.com', 'University of Arkansas at Little Rock', 'http://dummyimage.com/48x48.bmp/cc0000/ffffff', 2);
INSERT INTO `students` VALUES (110, 'Amie', 'Paxman', 'apaxman31@economist.com', 'Technological Education Institute of Athens', 'http://dummyimage.com/48x48.png/5fa2dd/ffffff', 2);
INSERT INTO `students` VALUES (111, 'Jordana', 'Bareham', 'jbareham32@phpbb.com', 'Islamic Azad University, Parand', 'http://dummyimage.com/48x48.bmp/dddddd/000000', 2);
INSERT INTO `students` VALUES (112, 'Clary', 'Marzella', 'cmarzella33@etsy.com', 'University of Science and Arts of Oklahoma', 'http://dummyimage.com/48x48.jpg/ff4444/ffffff', 2);
INSERT INTO `students` VALUES (113, 'Jilly', 'Bard', 'jbard34@multiply.com', 'Hemchandracharay North Gujarat University', 'http://dummyimage.com/48x48.bmp/5fa2dd/ffffff', 2);
INSERT INTO `students` VALUES (114, 'Gussie', 'Beynon', 'gbeynon35@army.mil', 'Lankaran State University', 'http://dummyimage.com/48x48.png/dddddd/000000', 2);
INSERT INTO `students` VALUES (115, 'Kristos', 'Kiellor', 'kkiellor36@mlb.com', 'University of Nebraska - Kearney', 'http://dummyimage.com/48x48.bmp/cc0000/ffffff', 1);
INSERT INTO `students` VALUES (116, 'Latisha', 'Ferrotti', 'lferrotti37@microsoft.com', 'Universidad Nacional Pedro Henríquez Ureña', 'http://dummyimage.com/48x48.png/cc0000/ffffff', 2);
INSERT INTO `students` VALUES (117, 'Rosamund', 'Rusling', 'rrusling38@weather.com', 'Universidad Santiago de Cali', 'http://dummyimage.com/48x48.jpg/dddddd/000000', 2);
INSERT INTO `students` VALUES (118, 'Cyrillus', 'Wragg', 'cwragg39@ed.gov', 'Instituto Superior Politécnico Gaya', 'http://dummyimage.com/48x48.bmp/cc0000/ffffff', 1);
INSERT INTO `students` VALUES (119, 'Sheila', 'Inder', 'sinder3a@mlb.com', 'Occidental College', 'http://dummyimage.com/48x48.bmp/dddddd/000000', 2);
INSERT INTO `students` VALUES (120, 'Chrisy', 'Sarsfield', 'csarsfield3b@wikispaces.com', 'South China Construction University', 'http://dummyimage.com/48x48.bmp/ff4444/ffffff', 1);
INSERT INTO `students` VALUES (121, 'Letta', 'Pavese', 'lpavese3c@si.edu', 'Kigali Health Institute', 'http://dummyimage.com/48x48.jpg/cc0000/ffffff', 2);
INSERT INTO `students` VALUES (122, 'Gavra', 'Lillywhite', 'glillywhite3d@ftc.gov', 'Universidad Carlos III de Madrid', 'http://dummyimage.com/48x48.jpg/ff4444/ffffff', 2);
INSERT INTO `students` VALUES (123, 'Robbert', 'Shepcutt', 'rshepcutt3e@economist.com', 'Spelman College', 'http://dummyimage.com/48x48.jpg/5fa2dd/ffffff', 1);
INSERT INTO `students` VALUES (124, 'Zebadiah', 'Agastina', 'zagastina3f@sfgate.com', 'Universidad Bolivariana de Venezuela', 'http://dummyimage.com/48x48.bmp/ff4444/ffffff', 1);
INSERT INTO `students` VALUES (125, 'Shelley', 'Limpricht', 'slimpricht3g@domainmarket.com', 'College of the Atlantic', 'http://dummyimage.com/48x48.jpg/5fa2dd/ffffff', 2);
INSERT INTO `students` VALUES (126, 'Parrnell', 'Drogan', 'pdrogan3h@ebay.com', 'Malaysia University of Science and Technology (MUS', 'http://dummyimage.com/48x48.bmp/5fa2dd/ffffff', 1);
INSERT INTO `students` VALUES (127, 'Camila', 'Kretchmer', 'ckretchmer3i@imdb.com', 'Aristotle University of Thessaloniki', 'http://dummyimage.com/48x48.bmp/dddddd/000000', 2);
INSERT INTO `students` VALUES (128, 'Ricca', 'Hostan', 'rhostan3j@bbc.co.uk', 'Universidade Estadual de Londrina', 'http://dummyimage.com/48x48.bmp/dddddd/000000', 2);
INSERT INTO `students` VALUES (129, 'Idell', 'Ivakhin', 'iivakhin3k@linkedin.com', 'Nirma University', 'http://dummyimage.com/48x48.jpg/cc0000/ffffff', 2);
INSERT INTO `students` VALUES (130, 'Ginger', 'Bernardy', 'gbernardy3l@xing.com', 'Rajamangala University of Technology, Lanna Chiang', 'http://dummyimage.com/48x48.png/5fa2dd/ffffff', 1);
INSERT INTO `students` VALUES (131, 'Norma', 'Easter', 'neaster3m@telegraph.co.uk', 'Nevsky Institute of Language and Culture', 'http://dummyimage.com/48x48.png/ff4444/ffffff', 2);
INSERT INTO `students` VALUES (132, 'Forest', 'Gabala', 'fgabala3n@dailymail.co.uk', 'Conestoga College', 'http://dummyimage.com/48x48.bmp/cc0000/ffffff', 1);
INSERT INTO `students` VALUES (133, 'Ema', 'Ince', 'eince3o@nih.gov', 'Hanoi National Economics University', 'http://dummyimage.com/48x48.jpg/cc0000/ffffff', 2);
INSERT INTO `students` VALUES (134, 'Cy', 'Grimoldby', 'cgrimoldby3p@patch.com', 'Samara State Medical University', 'http://dummyimage.com/48x48.bmp/dddddd/000000', 1);
INSERT INTO `students` VALUES (135, 'Fae', 'Ivetts', 'fivetts3q@wix.com', 'Lincoln University Pennsylvania', 'http://dummyimage.com/48x48.png/cc0000/ffffff', 2);
INSERT INTO `students` VALUES (136, 'Merla', 'Scrine', 'mscrine3r@artisteer.com', 'University of California, Los Angeles', 'http://dummyimage.com/48x48.jpg/cc0000/ffffff', 2);
INSERT INTO `students` VALUES (137, 'Dorri', 'Aylin', 'daylin3s@jimdo.com', 'Universidad Metropolitana de Monterrey', 'http://dummyimage.com/48x48.png/cc0000/ffffff', 2);
INSERT INTO `students` VALUES (138, 'Cal', 'Hutchison', 'chutchison3t@goodreads.com', 'Universidad Franco-Mexicana', 'http://dummyimage.com/48x48.bmp/ff4444/ffffff', 1);
INSERT INTO `students` VALUES (139, 'Dale', 'Berkowitz', 'dberkowitz3u@linkedin.com', 'Mount Holyoke College', 'http://dummyimage.com/48x48.bmp/dddddd/000000', 2);
INSERT INTO `students` VALUES (140, 'Dian', 'Castano', 'dcastano3v@sakura.ne.jp', 'Forest Research Institute Dehradun', 'http://dummyimage.com/48x48.bmp/5fa2dd/ffffff', 2);
INSERT INTO `students` VALUES (141, 'Joyan', 'Spalls', 'jspalls3w@flavors.me', 'Maejo University', 'http://dummyimage.com/48x48.png/5fa2dd/ffffff', 2);
INSERT INTO `students` VALUES (142, 'Perrine', 'Danford', 'pdanford3x@merriam-webster.com', 'Ohio University - Southern', 'http://dummyimage.com/48x48.jpg/ff4444/ffffff', 2);
INSERT INTO `students` VALUES (143, 'Trent', 'Scougall', 'tscougall3y@blinklist.com', 'Kerbala University', 'http://dummyimage.com/48x48.bmp/cc0000/ffffff', 1);
INSERT INTO `students` VALUES (144, 'Armstrong', 'Klimushev', 'aklimushev3z@craigslist.org', 'University of Bialystok', 'http://dummyimage.com/48x48.png/dddddd/000000', 1);
INSERT INTO `students` VALUES (145, 'Rolfe', 'Corton', 'rcorton40@foxnews.com', 'Shahrekord University', 'http://dummyimage.com/48x48.png/5fa2dd/ffffff', 1);
INSERT INTO `students` VALUES (146, 'Delmore', 'Maggorini', 'dmaggorini41@xing.com', 'Ningbo University', 'http://dummyimage.com/48x48.bmp/dddddd/000000', 1);
INSERT INTO `students` VALUES (147, 'Ruthy', 'Hould', 'rhould42@europa.eu', 'Sultan Qaboos University', 'http://dummyimage.com/48x48.bmp/dddddd/000000', 2);
INSERT INTO `students` VALUES (148, 'Kristoforo', 'MacAleese', 'kmacaleese43@zdnet.com', 'Windsor University School of Medicine', 'http://dummyimage.com/48x48.png/cc0000/ffffff', 1);
INSERT INTO `students` VALUES (149, 'Ladonna', 'Gamble', 'lgamble44@paginegialle.it', 'Daiichi University of Economics', 'http://dummyimage.com/48x48.bmp/cc0000/ffffff', 2);
INSERT INTO `students` VALUES (150, 'Culley', 'Hankins', 'chankins45@blogspot.com', 'Dublin Institute for Advanced Studies', 'http://dummyimage.com/48x48.bmp/5fa2dd/ffffff', 1);
INSERT INTO `students` VALUES (151, 'Clerkclaude', 'Bartoszewski', 'cbartoszewski46@google.ca', 'University of Medicine 1, Yangon', 'http://dummyimage.com/48x48.png/cc0000/ffffff', 1);
INSERT INTO `students` VALUES (152, 'Alexa', 'Saintsbury', 'asaintsbury47@creativecommons.org', 'Universidad La Gran Colombia', 'http://dummyimage.com/48x48.jpg/cc0000/ffffff', 2);
INSERT INTO `students` VALUES (153, 'Thorny', 'Magne', 'tmagne48@examiner.com', 'Polytechnic University, Long Island Campus', 'http://dummyimage.com/48x48.bmp/dddddd/000000', 1);
INSERT INTO `students` VALUES (154, 'Meris', 'Meekings', 'mmeekings49@instagram.com', 'Université Paris Nanterre (Paris X)', 'http://dummyimage.com/48x48.bmp/cc0000/ffffff', 2);
INSERT INTO `students` VALUES (155, 'Goran', 'Monsey', 'gmonsey4a@accuweather.com', 'Pusan Women\'s University', 'http://dummyimage.com/48x48.jpg/cc0000/ffffff', 1);
INSERT INTO `students` VALUES (156, 'Blithe', 'Valenta', 'bvalenta4b@jugem.jp', 'Universitas Ngurah Rai', 'http://dummyimage.com/48x48.bmp/ff4444/ffffff', 2);
INSERT INTO `students` VALUES (157, 'Benoite', 'De Lacey', 'bdelacey4c@plala.or.jp', 'Institute of Teachers Education, Islamic Education', 'http://dummyimage.com/48x48.jpg/5fa2dd/ffffff', 2);
INSERT INTO `students` VALUES (158, 'Ben', 'Pohlke', 'bpohlke4d@topsy.com', 'University of Piraeus', 'http://dummyimage.com/48x48.bmp/dddddd/000000', 1);
INSERT INTO `students` VALUES (159, 'Benoit', 'Gors', 'bgors4e@wiley.com', 'Evangelische Fachhochschule für Religionspädagogik', 'http://dummyimage.com/48x48.bmp/5fa2dd/ffffff', 1);
INSERT INTO `students` VALUES (160, 'Nathalia', 'Vallance', 'nvallance4f@google.com.hk', 'Vlerick Leuven Gent Management School', 'http://dummyimage.com/48x48.png/5fa2dd/ffffff', 2);
INSERT INTO `students` VALUES (161, 'Fawn', 'Wildgoose', 'fwildgoose4g@ft.com', 'Bloomfield College', 'http://dummyimage.com/48x48.png/dddddd/000000', 2);
INSERT INTO `students` VALUES (162, 'Rutter', 'Behne', 'rbehne4h@odnoklassniki.ru', 'Institut de Recherche et d\'Enseignement Supérieur ', 'http://dummyimage.com/48x48.jpg/dddddd/000000', 1);
INSERT INTO `students` VALUES (163, 'Irvin', 'Bunker', 'ibunker4i@slashdot.org', 'ITT Technical Institute Maitland', 'http://dummyimage.com/48x48.png/cc0000/ffffff', 1);
INSERT INTO `students` VALUES (164, 'Vinnie', 'Maes', 'vmaes4j@jalbum.net', 'Universitas Janabadra', 'http://dummyimage.com/48x48.png/ff4444/ffffff', 2);
INSERT INTO `students` VALUES (165, 'Dominga', 'Ruf', 'druf4k@pinterest.com', 'Universidad de Matanzas Camilo Cienfuegos', 'http://dummyimage.com/48x48.jpg/5fa2dd/ffffff', 2);
INSERT INTO `students` VALUES (166, 'Esmaria', 'Drohan', 'edrohan4l@dmoz.org', 'Conservatorio del Tolima', 'http://dummyimage.com/48x48.bmp/5fa2dd/ffffff', 2);
INSERT INTO `students` VALUES (167, 'Casi', 'Schach', 'cschach4m@msn.com', 'Wuxi University of Light Industry', 'http://dummyimage.com/48x48.bmp/cc0000/ffffff', 2);
INSERT INTO `students` VALUES (168, 'Cy', 'Aitkin', 'caitkin4n@hp.com', 'Hohai University Changzhou', 'http://dummyimage.com/48x48.png/5fa2dd/ffffff', 1);
INSERT INTO `students` VALUES (169, 'Gannon', 'Nibley', 'gnibley4o@hibu.com', 'Universitas Ngurah Rai', 'http://dummyimage.com/48x48.bmp/cc0000/ffffff', 1);
INSERT INTO `students` VALUES (170, 'Dasha', 'Strute', 'dstrute4p@examiner.com', 'Ambassador University', 'http://dummyimage.com/48x48.jpg/dddddd/000000', 2);
INSERT INTO `students` VALUES (171, 'Rutger', 'Cuxon', 'rcuxon4q@google.nl', 'Mount Holyoke College', 'http://dummyimage.com/48x48.png/ff4444/ffffff', 1);
INSERT INTO `students` VALUES (172, 'Konstanze', 'Smitherham', 'ksmitherham4r@bloglovin.com', 'University College of the Cariboo', 'http://dummyimage.com/48x48.png/cc0000/ffffff', 2);
INSERT INTO `students` VALUES (173, 'Elle', 'Puddephatt', 'epuddephatt4s@yahoo.co.jp', 'St. Petersburg State University', 'http://dummyimage.com/48x48.png/ff4444/ffffff', 2);
INSERT INTO `students` VALUES (174, 'Shelley', 'Payfoot', 'spayfoot4t@buzzfeed.com', 'Shandong Medical University', 'http://dummyimage.com/48x48.jpg/5fa2dd/ffffff', 1);
INSERT INTO `students` VALUES (175, 'Bendick', 'Stilldale', 'bstilldale4u@redcross.org', 'Webster University, Thailand', 'http://dummyimage.com/48x48.png/cc0000/ffffff', 1);
INSERT INTO `students` VALUES (176, 'Esmeralda', 'Roderigo', 'eroderigo4v@biblegateway.com', 'Gifu Shotoku Gakuen University', 'http://dummyimage.com/48x48.bmp/ff4444/ffffff', 2);
INSERT INTO `students` VALUES (177, 'Price', 'Vaskin', 'pvaskin4w@skyrock.com', 'Rheinisch Westfälische Technische Hochschule Aache', 'http://dummyimage.com/48x48.png/cc0000/ffffff', 1);
INSERT INTO `students` VALUES (178, 'Sabra', 'Spiller', 'sspiller4x@myspace.com', 'Tomsk State Pedagogical University', 'http://dummyimage.com/48x48.jpg/ff4444/ffffff', 2);
INSERT INTO `students` VALUES (179, 'Lorrin', 'Hellmer', 'lhellmer4y@census.gov', 'State University of New York at Stony Brook', 'http://dummyimage.com/48x48.bmp/5fa2dd/ffffff', 2);
INSERT INTO `students` VALUES (180, 'Lauralee', 'Hoffner', 'lhoffner4z@people.com.cn', 'Monash University', 'http://dummyimage.com/48x48.png/dddddd/000000', 2);
INSERT INTO `students` VALUES (181, 'Johann', 'Chicchetto', 'jchicchetto50@last.fm', 'Jubail University College', 'http://dummyimage.com/48x48.png/dddddd/000000', 1);
INSERT INTO `students` VALUES (182, 'Tiena', 'Ebunoluwa', 'tebunoluwa51@live.com', 'Université Sidi Mohammed Ben Abdellah', 'http://dummyimage.com/48x48.bmp/cc0000/ffffff', 2);
INSERT INTO `students` VALUES (183, 'Pen', 'Pingstone', 'ppingstone52@infoseek.co.jp', 'Kabul University', 'http://dummyimage.com/48x48.bmp/ff4444/ffffff', 1);
INSERT INTO `students` VALUES (184, 'Adelaide', 'Hinnerk', 'ahinnerk53@shareasale.com', 'Hesser College', 'http://dummyimage.com/48x48.bmp/cc0000/ffffff', 2);
INSERT INTO `students` VALUES (185, 'Salomo', 'Lyness', 'slyness54@earthlink.net', 'Ecole Nationale Supérieure des Mines de Douai', 'http://dummyimage.com/48x48.bmp/ff4444/ffffff', 1);
INSERT INTO `students` VALUES (186, 'Kayle', 'Sevier', 'ksevier55@privacy.gov.au', 'Northwestern College Iowa', 'http://dummyimage.com/48x48.bmp/ff4444/ffffff', 2);
INSERT INTO `students` VALUES (187, 'Dannye', 'Richin', 'drichin56@biblegateway.com', 'University of Central Texas', 'http://dummyimage.com/48x48.bmp/5fa2dd/ffffff', 2);
INSERT INTO `students` VALUES (188, 'Dalis', 'Colmore', 'dcolmore57@ebay.com', 'Humphreys College', 'http://dummyimage.com/48x48.bmp/dddddd/000000', 1);
INSERT INTO `students` VALUES (189, 'Tull', 'Diglin', 'tdiglin58@geocities.jp', 'LICCSAL Business College', 'http://dummyimage.com/48x48.jpg/dddddd/000000', 1);
INSERT INTO `students` VALUES (190, 'Mattias', 'Rolston', 'mrolston59@telegraph.co.uk', 'Hamdan Bin Mohammed e-University', 'http://dummyimage.com/48x48.jpg/ff4444/ffffff', 1);
INSERT INTO `students` VALUES (191, 'Ernestus', 'Earry', 'eearry5a@nih.gov', 'Scott Christian University', 'http://dummyimage.com/48x48.bmp/dddddd/000000', 1);
INSERT INTO `students` VALUES (192, 'Irvine', 'Worlidge', 'iworlidge5b@princeton.edu', 'Chinju National University', 'http://dummyimage.com/48x48.bmp/dddddd/000000', 1);
INSERT INTO `students` VALUES (193, 'Jon', 'Girardin', 'jgirardin5c@webmd.com', 'University of Iowa', 'http://dummyimage.com/48x48.png/ff4444/ffffff', 1);
INSERT INTO `students` VALUES (194, 'Yanaton', 'Hawlgarth', 'yhawlgarth5d@theglobeandmail.com', 'Harbin University of Science and Technology', 'http://dummyimage.com/48x48.bmp/5fa2dd/ffffff', 1);
INSERT INTO `students` VALUES (195, 'Burty', 'Garthside', 'bgarthside5e@mit.edu', 'Geneva College', 'http://dummyimage.com/48x48.png/dddddd/000000', 1);
INSERT INTO `students` VALUES (196, 'Athene', 'Kinny', 'akinny5f@go.com', 'Salem College', 'http://dummyimage.com/48x48.png/ff4444/ffffff', 2);
INSERT INTO `students` VALUES (197, 'Tuckie', 'Reace', 'treace5g@discovery.com', 'Harding University', 'http://dummyimage.com/48x48.png/ff4444/ffffff', 1);
INSERT INTO `students` VALUES (198, 'Standford', 'Bridgeman', 'sbridgeman5h@google.co.uk', 'Teikyo University of Science and Technology', 'http://dummyimage.com/48x48.bmp/5fa2dd/ffffff', 1);
INSERT INTO `students` VALUES (199, 'Jethro', 'Gisburne', 'jgisburne5i@jalbum.net', 'Salahddin University (Kurdistan Region)', 'http://dummyimage.com/48x48.bmp/cc0000/ffffff', 1);
INSERT INTO `students` VALUES (200, 'Tamar', 'Wheeliker', 'twheeliker5j@fastcompany.com', 'Chu Hai College', 'http://dummyimage.com/48x48.jpg/5fa2dd/ffffff', 2);
INSERT INTO `students` VALUES (201, 'Elysee', 'Kolczynski', 'ekolczynski5k@github.io', 'Pittsburg State University', 'http://dummyimage.com/48x48.bmp/5fa2dd/ffffff', 2);
INSERT INTO `students` VALUES (202, 'Bobette', 'Jozwiak', 'bjozwiak5l@columbia.edu', 'Islamic Azad University, Qazvin', 'http://dummyimage.com/48x48.jpg/cc0000/ffffff', 2);
INSERT INTO `students` VALUES (203, 'Dalis', 'Keoghan', 'dkeoghan5m@domainmarket.com', 'University of New Brunswick', 'http://dummyimage.com/48x48.bmp/ff4444/ffffff', 1);
INSERT INTO `students` VALUES (204, 'Rutherford', 'Axby', 'raxby5n@desdev.cn', 'Indian Institute of Technology, Hyderabad', 'http://dummyimage.com/48x48.jpg/5fa2dd/ffffff', 1);
INSERT INTO `students` VALUES (205, 'Anica', 'Auston', 'aauston5o@theguardian.com', 'Universidad Nacional del Sur', 'http://dummyimage.com/48x48.png/5fa2dd/ffffff', 2);
INSERT INTO `students` VALUES (206, 'Irving', 'Flowerdew', 'iflowerdew5p@unblog.fr', 'Ghazni University', 'http://dummyimage.com/48x48.jpg/5fa2dd/ffffff', 1);
INSERT INTO `students` VALUES (207, 'Donnie', 'Keam', 'dkeam5q@thetimes.co.uk', 'Kabardino-Balkarian State University', 'http://dummyimage.com/48x48.bmp/dddddd/000000', 1);
INSERT INTO `students` VALUES (208, 'Brock', 'Advani', 'badvani5r@phoca.cz', 'Universidad Autónoma del Caribe', 'http://dummyimage.com/48x48.png/cc0000/ffffff', 1);
INSERT INTO `students` VALUES (209, 'Mata', 'De La Coste', 'mdelacoste5s@dropbox.com', 'Centre Universitaire de Technologie', 'http://dummyimage.com/48x48.jpg/cc0000/ffffff', 1);
INSERT INTO `students` VALUES (210, 'Hewet', 'Staner', 'hstaner5t@blog.com', 'Viterbo College', 'http://dummyimage.com/48x48.bmp/cc0000/ffffff', 1);
INSERT INTO `students` VALUES (211, 'Barde', 'Peizer', 'bpeizer5u@chronoengine.com', 'Liaquat University of Medical & Health Sciences Ja', 'http://dummyimage.com/48x48.png/cc0000/ffffff', 1);
INSERT INTO `students` VALUES (212, 'Reinaldo', 'Flaune', 'rflaune5v@mayoclinic.com', 'University of Science and Technology', 'http://dummyimage.com/48x48.png/cc0000/ffffff', 1);
INSERT INTO `students` VALUES (213, 'Duky', 'Barkes', 'dbarkes5w@umn.edu', 'Universiti Kuala Lumpur Malaysian Institute of Inf', 'http://dummyimage.com/48x48.jpg/cc0000/ffffff', 1);
INSERT INTO `students` VALUES (214, 'Eben', 'Gaffey', 'egaffey5x@e-recht24.de', 'Tamagawa University', 'http://dummyimage.com/48x48.jpg/cc0000/ffffff', 1);
INSERT INTO `students` VALUES (215, 'Karolina', 'McDonagh', 'kmcdonagh5y@a8.net', 'University of the Thai Chamber of Commerce', 'http://dummyimage.com/48x48.bmp/dddddd/000000', 2);
INSERT INTO `students` VALUES (216, 'Florida', 'Broadley', 'fbroadley5z@ca.gov', 'National University of Arts', 'http://dummyimage.com/48x48.jpg/cc0000/ffffff', 2);
INSERT INTO `students` VALUES (217, 'Augustine', 'Lukasen', 'alukasen60@springer.com', 'Technical University of Poznan', 'http://dummyimage.com/48x48.png/5fa2dd/ffffff', 1);
INSERT INTO `students` VALUES (218, 'Layla', 'Cash', 'lcash61@yelp.com', 'American University of Tirana', 'http://dummyimage.com/48x48.jpg/cc0000/ffffff', 2);
INSERT INTO `students` VALUES (219, 'Benedetto', 'Grimmert', 'bgrimmert62@house.gov', 'Ecole des Hautes Etudes Commerciales du Nord', 'http://dummyimage.com/48x48.jpg/cc0000/ffffff', 1);
INSERT INTO `students` VALUES (220, 'Renate', 'Kennerley', 'rkennerley63@slideshare.net', 'Ocean University of China', 'http://dummyimage.com/48x48.bmp/ff4444/ffffff', 2);
INSERT INTO `students` VALUES (221, 'Arnie', 'Epperson', 'aepperson64@alibaba.com', 'Universidad \"Arturo Prat\"', 'http://dummyimage.com/48x48.bmp/dddddd/000000', 1);
INSERT INTO `students` VALUES (222, 'Garnet', 'Pendre', 'gpendre65@amazonaws.com', 'Ho Chi Minh City University of Natural Sciences', 'http://dummyimage.com/48x48.bmp/cc0000/ffffff', 2);
INSERT INTO `students` VALUES (223, 'Blinni', 'Gages', 'bgages66@homestead.com', 'Fundação Educacional de Ituverava', 'http://dummyimage.com/48x48.bmp/5fa2dd/ffffff', 2);
INSERT INTO `students` VALUES (224, 'Aubrey', 'Stone Fewings', 'astonefewings67@engadget.com', 'Southern University Bangladesh', 'http://dummyimage.com/48x48.jpg/ff4444/ffffff', 1);
INSERT INTO `students` VALUES (225, 'Crosby', 'Dubery', 'cdubery68@nps.gov', 'Université Abdou Moumouni de Niamey', 'http://dummyimage.com/48x48.bmp/5fa2dd/ffffff', 1);
INSERT INTO `students` VALUES (226, 'Hakeem', 'Estevez', 'hestevez69@kickstarter.com', 'Agricultural University of Wroclaw', 'http://dummyimage.com/48x48.bmp/5fa2dd/ffffff', 1);
INSERT INTO `students` VALUES (227, 'Felipe', 'Ledstone', 'fledstone6a@businesswire.com', 'Middlebury College', 'http://dummyimage.com/48x48.png/cc0000/ffffff', 1);
INSERT INTO `students` VALUES (228, 'Janetta', 'Faucherand', 'jfaucherand6b@dropbox.com', 'Universidad del Pacífico', 'http://dummyimage.com/48x48.png/ff4444/ffffff', 2);
INSERT INTO `students` VALUES (229, 'Hugh', 'Bickers', 'hbickers6c@oracle.com', 'Open University', 'http://dummyimage.com/48x48.jpg/dddddd/000000', 1);
INSERT INTO `students` VALUES (230, 'Yurik', 'Manolov', 'ymanolov6d@netvibes.com', 'Komazawa University', 'http://dummyimage.com/48x48.jpg/ff4444/ffffff', 1);
INSERT INTO `students` VALUES (231, 'Jacques', 'Oates', 'joates6e@yahoo.co.jp', 'Shimonoseki City University', 'http://dummyimage.com/48x48.bmp/ff4444/ffffff', 1);
INSERT INTO `students` VALUES (232, 'Timi', 'Biggadike', 'tbiggadike6f@goo.ne.jp', 'Baker University', 'http://dummyimage.com/48x48.jpg/5fa2dd/ffffff', 2);
INSERT INTO `students` VALUES (233, 'Allis', 'Jankin', 'ajankin6g@bluehost.com', 'New College of California', 'http://dummyimage.com/48x48.png/ff4444/ffffff', 2);
INSERT INTO `students` VALUES (234, 'Forrest', 'Stonebridge', 'fstonebridge6h@addtoany.com', 'Bells University of Technology', 'http://dummyimage.com/48x48.png/dddddd/000000', 1);
INSERT INTO `students` VALUES (235, 'Maren', 'Pugsley', 'mpugsley6i@macromedia.com', 'Kaboora Institute of Higher Education', 'http://dummyimage.com/48x48.png/5fa2dd/ffffff', 2);
INSERT INTO `students` VALUES (236, 'Anne-corinne', 'Carnell', 'acarnell6j@state.gov', 'Lulea University of Technology', 'http://dummyimage.com/48x48.jpg/cc0000/ffffff', 2);
INSERT INTO `students` VALUES (237, 'Manfred', 'Garahan', 'mgarahan6k@sourceforge.net', 'Roger Williams University', 'http://dummyimage.com/48x48.png/ff4444/ffffff', 1);
INSERT INTO `students` VALUES (238, 'Dillon', 'McDermid', 'dmcdermid6l@un.org', 'Hampton College', 'http://dummyimage.com/48x48.png/ff4444/ffffff', 1);
INSERT INTO `students` VALUES (239, 'Myrle', 'Kerridge', 'mkerridge6m@imageshack.us', 'Isik University', 'http://dummyimage.com/48x48.jpg/cc0000/ffffff', 2);
INSERT INTO `students` VALUES (240, 'Kaila', 'Craise', 'kcraise6n@google.com', 'Hohai University Changzhou', 'http://dummyimage.com/48x48.bmp/dddddd/000000', 2);
INSERT INTO `students` VALUES (241, 'Tamqrah', 'Scotchbourouge', 'tscotchbourouge6o@angelfire.com', 'Musashino Academy of Music', 'http://dummyimage.com/48x48.png/ff4444/ffffff', 2);
INSERT INTO `students` VALUES (242, 'Laure', 'Airy', 'lairy6p@histats.com', 'Tunku Abdul Rahman University (Chinese University)', 'http://dummyimage.com/48x48.jpg/dddddd/000000', 2);
INSERT INTO `students` VALUES (243, 'Bertram', 'Richfield', 'brichfield6q@flickr.com', 'Power and Water Institute of Technology', 'http://dummyimage.com/48x48.jpg/cc0000/ffffff', 1);
INSERT INTO `students` VALUES (244, 'Drugi', 'Martynka', 'dmartynka6r@nationalgeographic.com', 'University of St. Cyril and Methodius in Trnava', 'http://dummyimage.com/48x48.png/dddddd/000000', 1);
INSERT INTO `students` VALUES (245, 'Anabal', 'Steet', 'asteet6s@paginegialle.it', 'Ladoke Akintola University of Technology', 'http://dummyimage.com/48x48.jpg/5fa2dd/ffffff', 2);
INSERT INTO `students` VALUES (246, 'Nikita', 'Rennie', 'nrennie6t@histats.com', 'Copenhagen University', 'http://dummyimage.com/48x48.bmp/cc0000/ffffff', 1);
INSERT INTO `students` VALUES (247, 'Ilise', 'Innot', 'iinnot6u@psu.edu', 'Xiamen University', 'http://dummyimage.com/48x48.png/cc0000/ffffff', 2);
INSERT INTO `students` VALUES (248, 'Jamal', 'Blackham', 'jblackham6v@columbia.edu', 'North Dakota State University', 'http://dummyimage.com/48x48.bmp/5fa2dd/ffffff', 1);
INSERT INTO `students` VALUES (249, 'Ilaire', 'Salling', 'isalling6w@barnesandnoble.com', 'Greenford International University', 'http://dummyimage.com/48x48.bmp/cc0000/ffffff', 1);
INSERT INTO `students` VALUES (250, 'Cristiano', 'Grevile', 'cgrevile6x@nationalgeographic.com', 'Webster University', 'http://dummyimage.com/48x48.png/dddddd/000000', 1);
INSERT INTO `students` VALUES (251, 'Ariel', 'Saur', 'asaur6y@gnu.org', 'Kochi University of Technology', 'http://dummyimage.com/48x48.jpg/dddddd/000000', 1);
INSERT INTO `students` VALUES (252, 'Marylee', 'Tomasino', 'mtomasino6z@kickstarter.com', 'Bastyr University', 'http://dummyimage.com/48x48.bmp/5fa2dd/ffffff', 2);
INSERT INTO `students` VALUES (253, 'Luz', 'Galgey', 'lgalgey70@wikimedia.org', 'Bellarmine College', 'http://dummyimage.com/48x48.jpg/ff4444/ffffff', 2);
INSERT INTO `students` VALUES (254, 'Jeremie', 'Wreford', 'jwreford71@feedburner.com', 'Technion - Israel Institute of Technology', 'http://dummyimage.com/48x48.png/dddddd/000000', 1);
INSERT INTO `students` VALUES (255, 'Cissy', 'Snoday', 'csnoday72@springer.com', 'Mwalimu Nyerere Memorial Academy', 'http://dummyimage.com/48x48.png/ff4444/ffffff', 2);
INSERT INTO `students` VALUES (256, 'Emory', 'Summerskill', 'esummerskill73@cdc.gov', 'Sumy National Agrarian University', 'http://dummyimage.com/48x48.png/dddddd/000000', 1);
INSERT INTO `students` VALUES (257, 'Claudianus', 'Nipper', 'cnipper74@nba.com', 'West Coast University (WCU)', 'http://dummyimage.com/48x48.bmp/ff4444/ffffff', 1);
INSERT INTO `students` VALUES (258, 'Tris', 'Strank', 'tstrank75@desdev.cn', 'Kyoto Prefectural University', 'http://dummyimage.com/48x48.bmp/dddddd/000000', 1);
INSERT INTO `students` VALUES (259, 'Garek', 'Jenne', 'gjenne76@upenn.edu', 'International Kazakh-Turkish University', 'http://dummyimage.com/48x48.jpg/ff4444/ffffff', 1);
INSERT INTO `students` VALUES (260, 'Margo', 'Harnett', 'mharnett77@t-online.de', 'Fachhochschule Bochum', 'http://dummyimage.com/48x48.png/dddddd/000000', 2);
INSERT INTO `students` VALUES (261, 'Mitzi', 'Llorente', 'mllorente78@hostgator.com', 'Brock University', 'http://dummyimage.com/48x48.bmp/cc0000/ffffff', 2);
INSERT INTO `students` VALUES (262, 'Tobias', 'Cicculi', 'tcicculi79@bbc.co.uk', 'Universidad Fundepos Alma Mater', 'http://dummyimage.com/48x48.jpg/ff4444/ffffff', 1);
INSERT INTO `students` VALUES (263, 'Dex', 'Terrill', 'dterrill7a@alexa.com', 'Masinde Muliro University of Science and Technolog', 'http://dummyimage.com/48x48.jpg/ff4444/ffffff', 1);
INSERT INTO `students` VALUES (264, 'Bibi', 'Peace', 'bpeace7b@facebook.com', 'Polytechnic University, Long Island Campus', 'http://dummyimage.com/48x48.bmp/cc0000/ffffff', 2);
INSERT INTO `students` VALUES (265, 'Trstram', 'Rogans', 'trogans7c@unblog.fr', 'Universidad del Noroeste', 'http://dummyimage.com/48x48.jpg/dddddd/000000', 1);
INSERT INTO `students` VALUES (266, 'Hobey', 'Liepins', 'hliepins7d@ycombinator.com', 'Makerere University', 'http://dummyimage.com/48x48.png/ff4444/ffffff', 1);
INSERT INTO `students` VALUES (267, 'Garold', 'Elsworth', 'gelsworth7e@last.fm', 'Ural Gorkij State University', 'http://dummyimage.com/48x48.jpg/dddddd/000000', 1);
INSERT INTO `students` VALUES (268, 'Kippar', 'Gerritzen', 'kgerritzen7f@who.int', 'Ecole des Hautes Etudes en Gestion Informatique et', 'http://dummyimage.com/48x48.png/dddddd/000000', 1);
INSERT INTO `students` VALUES (269, 'Boyd', 'Walding', 'bwalding7g@nyu.edu', 'Universidad Jóse Vasconcelos', 'http://dummyimage.com/48x48.bmp/5fa2dd/ffffff', 1);
INSERT INTO `students` VALUES (270, 'Quillan', 'O\'Shirine', 'qoshirine7h@zimbio.com', 'Ozyegin University', 'http://dummyimage.com/48x48.png/dddddd/000000', 1);
INSERT INTO `students` VALUES (271, 'Nikki', 'Ashment', 'nashment7i@earthlink.net', 'Université Centrale', 'http://dummyimage.com/48x48.png/dddddd/000000', 1);
INSERT INTO `students` VALUES (272, 'Perice', 'Dunbar', 'pdunbar7j@yellowpages.com', 'Atomi College', 'http://dummyimage.com/48x48.bmp/cc0000/ffffff', 1);
INSERT INTO `students` VALUES (273, 'Eran', 'le Keux', 'elekeux7k@dot.gov', 'Lead City University of Ibadan', 'http://dummyimage.com/48x48.bmp/ff4444/ffffff', 2);
INSERT INTO `students` VALUES (274, 'Reynard', 'De Ambrosis', 'rdeambrosis7l@nih.gov', 'Lyndon State College', 'http://dummyimage.com/48x48.jpg/5fa2dd/ffffff', 1);
INSERT INTO `students` VALUES (275, 'Tobey', 'Albrook', 'talbrook7m@alibaba.com', 'William Carey College', 'http://dummyimage.com/48x48.png/ff4444/ffffff', 2);
INSERT INTO `students` VALUES (276, 'Gearard', 'Gheeraert', 'ggheeraert7n@dell.com', 'University of Technology', 'http://dummyimage.com/48x48.bmp/cc0000/ffffff', 1);
INSERT INTO `students` VALUES (277, 'Hagan', 'Scaice', 'hscaice7o@wp.com', 'Universidad Católica de Santo Domingo', 'http://dummyimage.com/48x48.bmp/ff4444/ffffff', 1);
INSERT INTO `students` VALUES (278, 'Dave', 'Ostick', 'dostick7p@usatoday.com', 'Warnborough University', 'http://dummyimage.com/48x48.png/cc0000/ffffff', 1);
INSERT INTO `students` VALUES (279, 'Samuel', 'Mustoe', 'smustoe7q@rakuten.co.jp', 'Banaras Hindu University', 'http://dummyimage.com/48x48.bmp/5fa2dd/ffffff', 1);
INSERT INTO `students` VALUES (280, 'Dieter', 'Gullen', 'dgullen7r@zdnet.com', 'University of Milan', 'http://dummyimage.com/48x48.png/ff4444/ffffff', 1);
INSERT INTO `students` VALUES (281, 'Hamnet', 'McNally', 'hmcnally7s@blogtalkradio.com', 'Technische Universität Berlin', 'http://dummyimage.com/48x48.jpg/dddddd/000000', 1);
INSERT INTO `students` VALUES (282, 'Tilly', 'Dell Casa', 'tdellcasa7t@google.pl', 'Suzuka International University', 'http://dummyimage.com/48x48.bmp/dddddd/000000', 2);
INSERT INTO `students` VALUES (283, 'Tyson', 'Grodden', 'tgrodden7u@msu.edu', 'Université du Sahel', 'http://dummyimage.com/48x48.bmp/dddddd/000000', 1);
INSERT INTO `students` VALUES (284, 'Marne', 'Overpool', 'moverpool7v@wikipedia.org', 'Islamic Azad University, Khorasgan', 'http://dummyimage.com/48x48.png/5fa2dd/ffffff', 2);
INSERT INTO `students` VALUES (285, 'Jehanna', 'Raleston', 'jraleston7w@cbslocal.com', 'Mandalay Technological University', 'http://dummyimage.com/48x48.png/5fa2dd/ffffff', 2);
INSERT INTO `students` VALUES (286, 'Mela', 'Pamplin', 'mpamplin7x@1688.com', 'Madurai Kamaraj University', 'http://dummyimage.com/48x48.jpg/ff4444/ffffff', 2);
INSERT INTO `students` VALUES (287, 'Morganne', 'Bushell', 'mbushell7y@yandex.ru', 'Universidad del Norte', 'http://dummyimage.com/48x48.bmp/ff4444/ffffff', 2);
INSERT INTO `students` VALUES (288, 'Cynthy', 'Corby', 'ccorby7z@wisc.edu', 'Universidad Nacional de Ucayali', 'http://dummyimage.com/48x48.bmp/5fa2dd/ffffff', 2);
INSERT INTO `students` VALUES (289, 'Grange', 'Junkinson', 'gjunkinson80@archive.org', 'Dirección General de Institutos Tecnológicos', 'http://dummyimage.com/48x48.png/5fa2dd/ffffff', 1);
INSERT INTO `students` VALUES (290, 'Michaeline', 'Checchi', 'mchecchi81@weebly.com', 'Federal College Of Education (Technical), Akoka', 'http://dummyimage.com/48x48.png/dddddd/000000', 2);
INSERT INTO `students` VALUES (291, 'Harold', 'Kantor', 'hkantor82@soup.io', 'Technikum Wien', 'http://dummyimage.com/48x48.png/dddddd/000000', 1);
INSERT INTO `students` VALUES (292, 'Robbyn', 'Pietasch', 'rpietasch83@twitpic.com', 'Nanjing University of Aeronautics and Astronautics', 'http://dummyimage.com/48x48.png/5fa2dd/ffffff', 2);
INSERT INTO `students` VALUES (293, 'Arlee', 'Alenshev', 'aalenshev84@google.ca', 'Manuel L. Quezon University', 'http://dummyimage.com/48x48.jpg/cc0000/ffffff', 2);
INSERT INTO `students` VALUES (294, 'Marcelo', 'Warbey', 'mwarbey85@ibm.com', 'Theatre Academy Finland', 'http://dummyimage.com/48x48.jpg/cc0000/ffffff', 1);
INSERT INTO `students` VALUES (295, 'Raynell', 'Kroin', 'rkroin86@foxnews.com', 'Bowling Green State University, Firelands', 'http://dummyimage.com/48x48.bmp/dddddd/000000', 2);
INSERT INTO `students` VALUES (296, 'Adan', 'Pehrsson', 'apehrsson87@java.com', 'Jamia Millia Islamia University', 'http://dummyimage.com/48x48.png/ff4444/ffffff', 2);
INSERT INTO `students` VALUES (297, 'Ilka', 'MacCorley', 'imaccorley88@hexun.com', 'Al Turath University College', 'http://dummyimage.com/48x48.png/dddddd/000000', 2);
INSERT INTO `students` VALUES (298, 'Gerrie', 'Poxson', 'gpoxson89@phpbb.com', 'Asahikawa University', 'http://dummyimage.com/48x48.png/dddddd/000000', 1);
INSERT INTO `students` VALUES (299, 'Horacio', 'Rafter', 'hrafter8a@aboutads.info', 'Winona State University', 'http://dummyimage.com/48x48.jpg/dddddd/000000', 1);
INSERT INTO `students` VALUES (300, 'Lorraine', 'Ledington', 'lledington8b@walmart.com', 'National Institute of Technology Kurukshetra', 'http://dummyimage.com/48x48.png/dddddd/000000', 2);
INSERT INTO `students` VALUES (301, 'Shadow', 'Crooks', 'scrooks8c@ehow.com', 'EHSAL - Europese Hogeschool Brussel', 'http://dummyimage.com/48x48.bmp/5fa2dd/ffffff', 1);
INSERT INTO `students` VALUES (302, 'Fan', 'Goodhand', 'fgoodhand8d@1688.com', 'Xiangtan Normal University', 'http://dummyimage.com/48x48.png/dddddd/000000', 2);
INSERT INTO `students` VALUES (303, 'Irvin', 'Gorce', 'igorce8e@netvibes.com', 'St. Augustine\'s College North Carolina', 'http://dummyimage.com/48x48.png/5fa2dd/ffffff', 1);
INSERT INTO `students` VALUES (304, 'Rossy', 'Ede', 'rede8f@weibo.com', 'Wollega University', 'http://dummyimage.com/48x48.bmp/dddddd/000000', 1);
INSERT INTO `students` VALUES (305, 'Janela', 'Arundel', 'jarundel8g@washington.edu', 'China University of Mining Technology - Beijing', 'http://dummyimage.com/48x48.jpg/5fa2dd/ffffff', 2);
INSERT INTO `students` VALUES (306, 'Karlik', 'Ciardo', 'kciardo8h@sfgate.com', 'University of the Thai Chamber of Commerce', 'http://dummyimage.com/48x48.jpg/5fa2dd/ffffff', 1);
INSERT INTO `students` VALUES (307, 'Chandal', 'Mullin', 'cmullin8i@jalbum.net', 'Kodolanyi Janos University College', 'http://dummyimage.com/48x48.png/cc0000/ffffff', 2);
INSERT INTO `students` VALUES (308, 'Nicolea', 'Aindrais', 'naindrais8j@miibeian.gov.cn', 'Universidad Autónoma del Estado de Hidalgo', 'http://dummyimage.com/48x48.png/5fa2dd/ffffff', 2);
INSERT INTO `students` VALUES (309, 'Laney', 'Aguirrezabala', 'laguirrezabala8k@elpais.com', 'Universidad Católica del Uruguay', 'http://dummyimage.com/48x48.bmp/dddddd/000000', 1);
INSERT INTO `students` VALUES (310, 'Tallie', 'World', 'tworld8l@squarespace.com', 'Pontifícia Universidade Católica de Campinas', 'http://dummyimage.com/48x48.jpg/cc0000/ffffff', 1);
INSERT INTO `students` VALUES (311, 'Ari', 'Cordoba', 'acordoba8m@weather.com', 'Universität Fridericana Karlsruhe (Technische Hoch', 'http://dummyimage.com/48x48.png/dddddd/000000', 1);
INSERT INTO `students` VALUES (312, 'Jarad', 'Hammer', 'jhammer8n@unicef.org', 'Wenzhou University', 'http://dummyimage.com/48x48.bmp/cc0000/ffffff', 1);
INSERT INTO `students` VALUES (313, 'Willetta', 'Jirik', 'wjirik8o@typepad.com', 'Louisiana State University in Shreveport', 'http://dummyimage.com/48x48.jpg/dddddd/000000', 2);
INSERT INTO `students` VALUES (314, 'Bree', 'Richarson', 'bricharson8p@baidu.com', 'St. Bonaventure University', 'http://dummyimage.com/48x48.jpg/dddddd/000000', 2);
INSERT INTO `students` VALUES (315, 'Chane', 'Natwick', 'cnatwick8q@wp.com', 'Universitas Lampung', 'http://dummyimage.com/48x48.jpg/cc0000/ffffff', 1);
INSERT INTO `students` VALUES (316, 'Heinrick', 'Hollingdale', 'hhollingdale8r@home.pl', 'Shukutoku University', 'http://dummyimage.com/48x48.jpg/dddddd/000000', 1);
INSERT INTO `students` VALUES (317, 'Willette', 'Chestnut', 'wchestnut8s@liveinternet.ru', 'Universidad Rey Juan Carlos', 'http://dummyimage.com/48x48.png/dddddd/000000', 2);
INSERT INTO `students` VALUES (318, 'Ulrich', 'Balassi', 'ubalassi8t@desdev.cn', 'Hochschule für Jüdische Studien Heidelberg', 'http://dummyimage.com/48x48.jpg/dddddd/000000', 1);
INSERT INTO `students` VALUES (319, 'Elita', 'Romme', 'eromme8u@ehow.com', 'University of Arizona', 'http://dummyimage.com/48x48.bmp/ff4444/ffffff', 2);
INSERT INTO `students` VALUES (320, 'Josias', 'Glyde', 'jglyde8v@netscape.com', 'Sheikhbahaee University', 'http://dummyimage.com/48x48.jpg/cc0000/ffffff', 1);
INSERT INTO `students` VALUES (321, 'Malynda', 'Brigshaw', 'mbrigshaw8w@prweb.com', 'Ecole Supérieure d\'Optique', 'http://dummyimage.com/48x48.png/ff4444/ffffff', 2);
INSERT INTO `students` VALUES (322, 'Caesar', 'Crowhurst', 'ccrowhurst8x@reference.com', 'Instituto Nacional de Matemática Pura e Aplicada -', 'http://dummyimage.com/48x48.png/5fa2dd/ffffff', 1);
INSERT INTO `students` VALUES (323, 'Frieda', 'Pelos', 'fpelos8y@upenn.edu', 'Medical Academy in Bialystok', 'http://dummyimage.com/48x48.png/5fa2dd/ffffff', 2);
INSERT INTO `students` VALUES (324, 'Elbert', 'Viggers', 'eviggers8z@instagram.com', 'Westminster College New Wilmington', 'http://dummyimage.com/48x48.bmp/5fa2dd/ffffff', 1);
INSERT INTO `students` VALUES (325, 'Robinson', 'Cottier', 'rcottier90@unesco.org', 'The Master\'s College', 'http://dummyimage.com/48x48.png/ff4444/ffffff', 1);
INSERT INTO `students` VALUES (326, 'Kristos', 'Phateplace', 'kphateplace91@squarespace.com', 'Ahfad University for Women', 'http://dummyimage.com/48x48.bmp/dddddd/000000', 1);
INSERT INTO `students` VALUES (327, 'Karrie', 'Coie', 'kcoie92@twitpic.com', 'University of the Italian-speaking Part of Switzer', 'http://dummyimage.com/48x48.bmp/5fa2dd/ffffff', 2);
INSERT INTO `students` VALUES (328, 'Thurstan', 'Maggiori', 'tmaggiori93@imdb.com', 'University of Lapland', 'http://dummyimage.com/48x48.png/ff4444/ffffff', 1);
INSERT INTO `students` VALUES (329, 'Micky', 'Ruske', 'mruske94@prlog.org', 'National University of Kaohsiung', 'http://dummyimage.com/48x48.bmp/ff4444/ffffff', 2);
INSERT INTO `students` VALUES (330, 'Laurette', 'Handes', 'lhandes95@1und1.de', 'Wolaita Sodo University', 'http://dummyimage.com/48x48.jpg/cc0000/ffffff', 2);
INSERT INTO `students` VALUES (331, 'Daffy', 'Warman', 'dwarman96@reuters.com', 'Universidad Nacional Experimental Politécnica \"Ant', 'http://dummyimage.com/48x48.bmp/ff4444/ffffff', 2);
INSERT INTO `students` VALUES (332, 'Sheila-kathryn', 'MacConnel', 'smacconnel97@comsenz.com', 'The Catholic University of America', 'http://dummyimage.com/48x48.png/ff4444/ffffff', 2);
INSERT INTO `students` VALUES (333, 'Nahum', 'Bowyer', 'nbowyer98@mozilla.com', 'Ecole Supérieure de Commerce de Lille', 'http://dummyimage.com/48x48.png/dddddd/000000', 1);
INSERT INTO `students` VALUES (334, 'Thibaut', 'Medgwick', 'tmedgwick99@redcross.org', 'Ottawa University', 'http://dummyimage.com/48x48.bmp/5fa2dd/ffffff', 1);
INSERT INTO `students` VALUES (335, 'Zak', 'Evans', 'zevans9a@disqus.com', 'Carlos Albizu University', 'http://dummyimage.com/48x48.png/5fa2dd/ffffff', 1);
INSERT INTO `students` VALUES (336, 'Burton', 'Jelkes', 'bjelkes9b@nbcnews.com', 'Escuela de Policia \"General Santander\"', 'http://dummyimage.com/48x48.png/cc0000/ffffff', 1);
INSERT INTO `students` VALUES (337, 'Rodi', 'Haddacks', 'rhaddacks9c@angelfire.com', 'Instituto Superior de Ciênicas e Tecnologia de Moç', 'http://dummyimage.com/48x48.bmp/cc0000/ffffff', 2);
INSERT INTO `students` VALUES (338, 'Caldwell', 'Athy', 'cathy9d@csmonitor.com', 'Universidad Nacional Experimental de Guayana', 'http://dummyimage.com/48x48.bmp/5fa2dd/ffffff', 1);
INSERT INTO `students` VALUES (339, 'Demetris', 'Boissier', 'dboissier9e@omniture.com', 'St. Petersburg State Electrotechnical University', 'http://dummyimage.com/48x48.jpg/ff4444/ffffff', 1);
INSERT INTO `students` VALUES (340, 'Forester', 'Swinnerton', 'fswinnerton9f@princeton.edu', 'Zhengzhou Grain University', 'http://dummyimage.com/48x48.jpg/cc0000/ffffff', 1);
INSERT INTO `students` VALUES (341, 'Karin', 'Willcox', 'kwillcox9g@apple.com', 'Mayville State University', 'http://dummyimage.com/48x48.bmp/ff4444/ffffff', 2);
INSERT INTO `students` VALUES (342, 'Reggis', 'Catton', 'rcatton9h@shop-pro.jp', 'Asian Business School', 'http://dummyimage.com/48x48.jpg/cc0000/ffffff', 1);
INSERT INTO `students` VALUES (343, 'Ricki', 'Scollard', 'rscollard9i@earthlink.net', 'Nasarawa State University Keffi', 'http://dummyimage.com/48x48.png/cc0000/ffffff', 1);
INSERT INTO `students` VALUES (344, 'Vivienne', 'Herkess', 'vherkess9j@weibo.com', 'Redeemer College', 'http://dummyimage.com/48x48.jpg/5fa2dd/ffffff', 2);
INSERT INTO `students` VALUES (345, 'Emalee', 'Takos', 'etakos9k@aboutads.info', 'Katholieke Universiteit Brussel', 'http://dummyimage.com/48x48.png/dddddd/000000', 2);
INSERT INTO `students` VALUES (346, 'Luciano', 'Pantlin', 'lpantlin9l@umn.edu', 'Universidad de Valencia', 'http://dummyimage.com/48x48.jpg/dddddd/000000', 1);
INSERT INTO `students` VALUES (347, 'Ingeborg', 'Proughten', 'iproughten9m@alibaba.com', 'Ivanovo State Power University', 'http://dummyimage.com/48x48.bmp/cc0000/ffffff', 2);
INSERT INTO `students` VALUES (348, 'Matilde', 'Leap', 'mleap9n@nih.gov', 'Universidad Católica de Santa María', 'http://dummyimage.com/48x48.jpg/5fa2dd/ffffff', 2);
INSERT INTO `students` VALUES (349, 'Gardie', 'Raddin', 'graddin9o@census.gov', 'Asahikawa Medical College', 'http://dummyimage.com/48x48.png/dddddd/000000', 1);
INSERT INTO `students` VALUES (350, 'Pearce', 'Rosario', 'prosario9p@sitemeter.com', 'Ningxia University', 'http://dummyimage.com/48x48.png/cc0000/ffffff', 1);
INSERT INTO `students` VALUES (351, 'Bordie', 'Orgee', 'borgee9q@blogs.com', 'Universidad Autónoma de la Laguna', 'http://dummyimage.com/48x48.jpg/5fa2dd/ffffff', 1);
INSERT INTO `students` VALUES (352, 'Janka', 'Clayal', 'jclayal9r@vk.com', 'Miles College', 'http://dummyimage.com/48x48.bmp/5fa2dd/ffffff', 2);
INSERT INTO `students` VALUES (353, 'Clemmy', 'Stanlock', 'cstanlock9s@mediafire.com', 'Pamukkale University', 'http://dummyimage.com/48x48.png/ff4444/ffffff', 1);
INSERT INTO `students` VALUES (354, 'Prent', 'Harkes', 'pharkes9t@nymag.com', 'Arab Open University', 'http://dummyimage.com/48x48.jpg/5fa2dd/ffffff', 1);
INSERT INTO `students` VALUES (355, 'Ferrell', 'Mulheron', 'fmulheron9u@nbcnews.com', 'Yamaguchi Prefectural University', 'http://dummyimage.com/48x48.jpg/cc0000/ffffff', 1);
INSERT INTO `students` VALUES (356, 'Klemens', 'Gahagan', 'kgahagan9v@businessinsider.com', 'Shomal University', 'http://dummyimage.com/48x48.bmp/5fa2dd/ffffff', 1);
INSERT INTO `students` VALUES (357, 'Joella', 'Hudson', 'jhudson9w@github.io', 'Francis Marion University', 'http://dummyimage.com/48x48.png/ff4444/ffffff', 2);
INSERT INTO `students` VALUES (358, 'Riobard', 'Rappport', 'rrappport9x@netscape.com', 'University of South Carolina', 'http://dummyimage.com/48x48.jpg/ff4444/ffffff', 1);
INSERT INTO `students` VALUES (359, 'Claudine', 'Faulconbridge', 'cfaulconbridge9y@geocities.com', 'Samchok National University', 'http://dummyimage.com/48x48.png/dddddd/000000', 2);
INSERT INTO `students` VALUES (360, 'Laina', 'Yakobovicz', 'lyakobovicz9z@deviantart.com', 'Florida Community College at Jacksonville', 'http://dummyimage.com/48x48.bmp/dddddd/000000', 2);
INSERT INTO `students` VALUES (361, 'Prinz', 'McKyrrelly', 'pmckyrrellya0@merriam-webster.com', 'Ecole Supérieure de Commerce de Rouen', 'http://dummyimage.com/48x48.png/cc0000/ffffff', 1);
INSERT INTO `students` VALUES (362, 'Rudolfo', 'Dunrige', 'rdunrigea1@discovery.com', 'Multimedia University', 'http://dummyimage.com/48x48.png/dddddd/000000', 1);
INSERT INTO `students` VALUES (363, 'Gordie', 'Fairbrother', 'gfairbrothera2@digg.com', 'Shanghai Ocean University', 'http://dummyimage.com/48x48.bmp/cc0000/ffffff', 1);
INSERT INTO `students` VALUES (364, 'Liam', 'Fadell', 'lfadella3@xing.com', 'Universidad España de Durango', 'http://dummyimage.com/48x48.jpg/dddddd/000000', 1);
INSERT INTO `students` VALUES (365, 'Regan', 'Stores', 'rstoresa4@blinklist.com', 'Sindh Madressatul Islam University', 'http://dummyimage.com/48x48.bmp/ff4444/ffffff', 1);
INSERT INTO `students` VALUES (366, 'Porter', 'Bartelli', 'pbartellia5@mac.com', 'University of Rajasthan', 'http://dummyimage.com/48x48.png/ff4444/ffffff', 1);
INSERT INTO `students` VALUES (367, 'Rubin', 'Beckett', 'rbecketta6@prweb.com', 'Fundación Universitaria del Area Andina. Sede Pere', 'http://dummyimage.com/48x48.bmp/5fa2dd/ffffff', 1);
INSERT INTO `students` VALUES (368, 'Camile', 'Watt', 'cwatta7@sourceforge.net', 'Ashesi University', 'http://dummyimage.com/48x48.jpg/ff4444/ffffff', 2);
INSERT INTO `students` VALUES (369, 'Noll', 'Tomkin', 'ntomkina8@bandcamp.com', 'Capital Normal University', 'http://dummyimage.com/48x48.bmp/cc0000/ffffff', 1);
INSERT INTO `students` VALUES (370, 'Dell', 'Bispo', 'dbispoa9@irs.gov', 'Medical Academy in Lublin', 'http://dummyimage.com/48x48.png/5fa2dd/ffffff', 1);
INSERT INTO `students` VALUES (371, 'Pauline', 'Bisp', 'pbispaa@baidu.com', 'Universidad San Marcos', 'http://dummyimage.com/48x48.png/5fa2dd/ffffff', 2);
INSERT INTO `students` VALUES (372, 'Grayce', 'MacCauley', 'gmaccauleyab@bravesites.com', 'Universidad Finis Terrae', 'http://dummyimage.com/48x48.png/cc0000/ffffff', 2);
INSERT INTO `students` VALUES (373, 'Kayla', 'Hollows', 'khollowsac@loc.gov', 'Hogeschool Rotterdam', 'http://dummyimage.com/48x48.bmp/dddddd/000000', 2);
INSERT INTO `students` VALUES (374, 'Perrine', 'Bareham', 'pbarehamad@ehow.com', 'University of Maryland at College Park', 'http://dummyimage.com/48x48.jpg/5fa2dd/ffffff', 2);
INSERT INTO `students` VALUES (375, 'Jonas', 'Heggadon', 'jheggadonae@mayoclinic.com', 'University of Applied Sciences of Moldova', 'http://dummyimage.com/48x48.bmp/ff4444/ffffff', 1);
INSERT INTO `students` VALUES (376, 'Sly', 'Batalini', 'sbataliniaf@telegraph.co.uk', 'London Business School', 'http://dummyimage.com/48x48.jpg/5fa2dd/ffffff', 1);
INSERT INTO `students` VALUES (377, 'Shanie', 'Siley', 'ssileyag@reference.com', 'University of Applied Sciences Chur', 'http://dummyimage.com/48x48.jpg/cc0000/ffffff', 2);
INSERT INTO `students` VALUES (378, 'Meredithe', 'McEachern', 'mmceachernah@wix.com', 'Universidad del Istmo', 'http://dummyimage.com/48x48.jpg/dddddd/000000', 2);
INSERT INTO `students` VALUES (379, 'Pattie', 'Baldung', 'pbaldungai@deviantart.com', 'North University of Baia Mare', 'http://dummyimage.com/48x48.jpg/ff4444/ffffff', 2);
INSERT INTO `students` VALUES (380, 'Tine', 'Aberchirder', 'taberchirderaj@globo.com', 'John Marshall Law School', 'http://dummyimage.com/48x48.bmp/dddddd/000000', 2);
INSERT INTO `students` VALUES (381, 'Nate', 'Goulden', 'ngouldenak@webmd.com', 'Universidad de Puerto Rico', 'http://dummyimage.com/48x48.jpg/5fa2dd/ffffff', 1);
INSERT INTO `students` VALUES (382, 'Kristian', 'Tansly', 'ktanslyal@marketwatch.com', 'Universidad Autónoma de Zacatecas', 'http://dummyimage.com/48x48.bmp/ff4444/ffffff', 1);
INSERT INTO `students` VALUES (383, 'Corby', 'Peckett', 'cpeckettam@constantcontact.com', 'Université Épiscopale d\'Haiti', 'http://dummyimage.com/48x48.jpg/5fa2dd/ffffff', 1);
INSERT INTO `students` VALUES (384, 'Arliene', 'Fishbourn', 'afishbournan@illinois.edu', 'Instituto Superior de Relações Internacionais (ISR', 'http://dummyimage.com/48x48.jpg/5fa2dd/ffffff', 2);
INSERT INTO `students` VALUES (385, 'Koren', 'Dullard', 'kdullardao@360.cn', 'Namik Kemal University', 'http://dummyimage.com/48x48.png/5fa2dd/ffffff', 2);
INSERT INTO `students` VALUES (386, 'Aloise', 'Largan', 'alarganap@discuz.net', 'San Joaquin College of Law', 'http://dummyimage.com/48x48.png/5fa2dd/ffffff', 2);
INSERT INTO `students` VALUES (387, 'Olia', 'Pimlett', 'opimlettaq@cbc.ca', 'Open University', 'http://dummyimage.com/48x48.bmp/cc0000/ffffff', 2);
INSERT INTO `students` VALUES (388, 'Bearnard', 'Stoddart', 'bstoddartar@va.gov', 'Islamic University of Technology', 'http://dummyimage.com/48x48.png/cc0000/ffffff', 1);
INSERT INTO `students` VALUES (389, 'Stefano', 'Tomblett', 'stomblettas@exblog.jp', 'Yildiz Technical University', 'http://dummyimage.com/48x48.jpg/ff4444/ffffff', 1);
INSERT INTO `students` VALUES (390, 'Nissy', 'Rottgers', 'nrottgersat@nature.com', 'Vietnam National University of Agriculture', 'http://dummyimage.com/48x48.png/ff4444/ffffff', 2);
INSERT INTO `students` VALUES (391, 'Octavius', 'Woolger', 'owoolgerau@myspace.com', 'Great Zimbabwe University', 'http://dummyimage.com/48x48.bmp/ff4444/ffffff', 1);
INSERT INTO `students` VALUES (392, 'Barnaby', 'Oboy', 'boboyav@newsvine.com', 'Eelo American University', 'http://dummyimage.com/48x48.jpg/5fa2dd/ffffff', 1);
INSERT INTO `students` VALUES (393, 'Gretna', 'Rain', 'grainaw@icio.us', 'University of South Carolina - Union', 'http://dummyimage.com/48x48.bmp/5fa2dd/ffffff', 2);
INSERT INTO `students` VALUES (394, 'Rolf', 'Lavielle', 'rlavielleax@canalblog.com', 'Indian Institute of Management, Tiruchirappalli', 'http://dummyimage.com/48x48.png/cc0000/ffffff', 1);
INSERT INTO `students` VALUES (395, 'Krystyna', 'Barraclough', 'kbarracloughay@imageshack.us', 'Stie Perbanas Surabaya', 'http://dummyimage.com/48x48.jpg/dddddd/000000', 2);
INSERT INTO `students` VALUES (396, 'Zach', 'Wetherick', 'zwetherickaz@webeden.co.uk', 'Kabul Education University', 'http://dummyimage.com/48x48.jpg/cc0000/ffffff', 1);
INSERT INTO `students` VALUES (397, 'Angela', 'Lewry', 'alewryb0@time.com', 'Universiti Islam Sultan Sharif Ali', 'http://dummyimage.com/48x48.bmp/ff4444/ffffff', 2);
INSERT INTO `students` VALUES (398, 'Chaddie', 'Learmond', 'clearmondb1@myspace.com', 'Greenheart Medical School', 'http://dummyimage.com/48x48.jpg/5fa2dd/ffffff', 1);
INSERT INTO `students` VALUES (399, 'Edithe', 'Bedinham', 'ebedinhamb2@spotify.com', 'Fresno City College', 'http://dummyimage.com/48x48.bmp/cc0000/ffffff', 2);
INSERT INTO `students` VALUES (400, 'Elenore', 'Roglieri', 'eroglierib3@hostgator.com', 'Zaman University', 'http://dummyimage.com/48x48.jpg/cc0000/ffffff', 2);
INSERT INTO `students` VALUES (401, 'Keely', 'Crosfield', 'kcrosfieldb4@list-manage.com', 'Universidad Iberoamericana de Ciencias y Tecnologi', 'http://dummyimage.com/48x48.png/5fa2dd/ffffff', 2);
INSERT INTO `students` VALUES (402, 'Geordie', 'Brewers', 'gbrewersb5@oracle.com', 'Presbyterian University College', 'http://dummyimage.com/48x48.bmp/dddddd/000000', 1);
INSERT INTO `students` VALUES (403, 'Bron', 'Alywen', 'balywenb6@mozilla.com', 'Universidade Metropolitana de Angola', 'http://dummyimage.com/48x48.jpg/ff4444/ffffff', 1);
INSERT INTO `students` VALUES (404, 'Pall', 'Eyckelbeck', 'peyckelbeckb7@vk.com', 'University Medical School of Pécs', 'http://dummyimage.com/48x48.bmp/5fa2dd/ffffff', 1);
INSERT INTO `students` VALUES (405, 'Milicent', 'Menendes', 'mmenendesb8@bravesites.com', 'University of Arkansas at Monticello', 'http://dummyimage.com/48x48.bmp/ff4444/ffffff', 2);
INSERT INTO `students` VALUES (406, 'Clea', 'Senter', 'csenterb9@desdev.cn', 'DeSales University', 'http://dummyimage.com/48x48.jpg/dddddd/000000', 2);
INSERT INTO `students` VALUES (407, 'Perry', 'Mainson', 'pmainsonba@state.gov', 'Beijing New Asia University', 'http://dummyimage.com/48x48.jpg/dddddd/000000', 2);
INSERT INTO `students` VALUES (408, 'Sheffie', 'De Bruin', 'sdebruinbb@elpais.com', 'Smolensk Humanitarian University', 'http://dummyimage.com/48x48.png/ff4444/ffffff', 1);
INSERT INTO `students` VALUES (409, 'Julianna', 'Kmietsch', 'jkmietschbc@google.com.br', 'Long Island University', 'http://dummyimage.com/48x48.jpg/dddddd/000000', 2);
INSERT INTO `students` VALUES (410, 'Tybi', 'Trevan', 'ttrevanbd@tiny.cc', 'Changchun Teachers College', 'http://dummyimage.com/48x48.png/5fa2dd/ffffff', 2);
INSERT INTO `students` VALUES (411, 'Jeana', 'Musso', 'jmussobe@goo.ne.jp', 'Universidad Obrera de Mexico', 'http://dummyimage.com/48x48.bmp/ff4444/ffffff', 2);
INSERT INTO `students` VALUES (412, 'Hayden', 'Blacklidge', 'hblacklidgebf@yandex.ru', 'Centro Universitário Monte Serrat', 'http://dummyimage.com/48x48.bmp/cc0000/ffffff', 1);
INSERT INTO `students` VALUES (413, 'Ragnar', 'Oswald', 'roswaldbg@wikipedia.org', 'Tomsk State University of Architecture and Buildin', 'http://dummyimage.com/48x48.jpg/dddddd/000000', 1);
INSERT INTO `students` VALUES (414, 'Harper', 'Roaf', 'hroafbh@deliciousdays.com', 'Oulu Polytechnic', 'http://dummyimage.com/48x48.bmp/ff4444/ffffff', 1);
INSERT INTO `students` VALUES (415, 'Ailis', 'Jakoubek', 'ajakoubekbi@rediff.com', 'Polytechnic University of Tirane', 'http://dummyimage.com/48x48.bmp/dddddd/000000', 2);
INSERT INTO `students` VALUES (416, 'Lucille', 'Bracknell', 'lbracknellbj@usatoday.com', 'Universidad de Málaga', 'http://dummyimage.com/48x48.bmp/dddddd/000000', 2);
INSERT INTO `students` VALUES (417, 'Bret', 'Winning', 'bwinningbk@google.es', 'University of Northern Colorado', 'http://dummyimage.com/48x48.png/dddddd/000000', 1);
INSERT INTO `students` VALUES (418, 'Aland', 'Dicks', 'adicksbl@gravatar.com', 'European University, Athens Campus', 'http://dummyimage.com/48x48.bmp/dddddd/000000', 1);
INSERT INTO `students` VALUES (419, 'Judd', 'Quickenden', 'jquickendenbm@scribd.com', 'Dunya Institute of Higher Education', 'http://dummyimage.com/48x48.bmp/cc0000/ffffff', 1);
INSERT INTO `students` VALUES (420, 'Jodie', 'Elie', 'jeliebn@jigsy.com', 'Moscow State Academy of Applied Biotechnology', 'http://dummyimage.com/48x48.png/5fa2dd/ffffff', 2);
INSERT INTO `students` VALUES (421, 'Jarrid', 'Truswell', 'jtruswellbo@angelfire.com', 'Ghazni University', 'http://dummyimage.com/48x48.bmp/cc0000/ffffff', 1);
INSERT INTO `students` VALUES (422, 'Lurleen', 'Fettis', 'lfettisbp@washingtonpost.com', 'Baikal National University of Economics and Law', 'http://dummyimage.com/48x48.bmp/ff4444/ffffff', 2);
INSERT INTO `students` VALUES (423, 'Merlina', 'Wayon', 'mwayonbq@earthlink.net', 'University of Zambia', 'http://dummyimage.com/48x48.png/cc0000/ffffff', 2);
INSERT INTO `students` VALUES (424, 'Joice', 'Leger', 'jlegerbr@instagram.com', 'University of Texas at Tyler', 'http://dummyimage.com/48x48.png/ff4444/ffffff', 2);
INSERT INTO `students` VALUES (425, 'Elianora', 'Howsin', 'ehowsinbs@cyberchimps.com', 'KDU College Sdn Bhd', 'http://dummyimage.com/48x48.png/cc0000/ffffff', 2);
INSERT INTO `students` VALUES (426, 'Gil', 'Greneham', 'ggrenehambt@vkontakte.ru', 'Universidad de San Pedro Sula', 'http://dummyimage.com/48x48.jpg/ff4444/ffffff', 1);
INSERT INTO `students` VALUES (427, 'Marie-ann', 'Swatheridge', 'mswatheridgebu@yelp.com', 'Kogakuin University', 'http://dummyimage.com/48x48.bmp/5fa2dd/ffffff', 2);
INSERT INTO `students` VALUES (428, 'Townie', 'Toomey', 'ttoomeybv@seattletimes.com', 'Johnson State College', 'http://dummyimage.com/48x48.bmp/5fa2dd/ffffff', 1);
INSERT INTO `students` VALUES (429, 'Ruthie', 'Vokins', 'rvokinsbw@home.pl', 'Mordovian State University', 'http://dummyimage.com/48x48.png/5fa2dd/ffffff', 2);
INSERT INTO `students` VALUES (430, 'Keely', 'Selvey', 'kselveybx@sina.com.cn', 'Millersville University of Pennsylvania', 'http://dummyimage.com/48x48.png/dddddd/000000', 2);
INSERT INTO `students` VALUES (431, 'Yettie', 'Izaks', 'yizaksby@slashdot.org', 'Trinity University School of Medicine', 'http://dummyimage.com/48x48.jpg/5fa2dd/ffffff', 2);
INSERT INTO `students` VALUES (432, 'Oren', 'Serrurier', 'oserrurierbz@unicef.org', 'University of New Brunswick', 'http://dummyimage.com/48x48.jpg/dddddd/000000', 1);
INSERT INTO `students` VALUES (433, 'Idalina', 'Youle', 'iyoulec0@tinyurl.com', 'Universidad Americana', 'http://dummyimage.com/48x48.png/cc0000/ffffff', 2);
INSERT INTO `students` VALUES (434, 'Germain', 'Chaperling', 'gchaperlingc1@about.me', 'Moscow External University of the Humanities', 'http://dummyimage.com/48x48.jpg/cc0000/ffffff', 2);
INSERT INTO `students` VALUES (435, 'Raimundo', 'McConway', 'rmcconwayc2@uiuc.edu', 'Fachhochschule Rottenburg, Hochschule für Forstwir', 'http://dummyimage.com/48x48.bmp/dddddd/000000', 1);
INSERT INTO `students` VALUES (436, 'Butch', 'Clyant', 'bclyantc3@smh.com.au', 'University of Applied Sciences of Moldova', 'http://dummyimage.com/48x48.bmp/5fa2dd/ffffff', 1);
INSERT INTO `students` VALUES (437, 'Sheila', 'Baltzar', 'sbaltzarc4@google.com.au', 'Indian Veterinary Research Institute', 'http://dummyimage.com/48x48.bmp/5fa2dd/ffffff', 2);
INSERT INTO `students` VALUES (438, 'Brien', 'Eddleston', 'beddlestonc5@digg.com', 'Universidad Central', 'http://dummyimage.com/48x48.png/cc0000/ffffff', 1);
INSERT INTO `students` VALUES (439, 'Ferd', 'Townsley', 'ftownsleyc6@umich.edu', 'Oregon Graduate Institute of Science and Technolog', 'http://dummyimage.com/48x48.bmp/ff4444/ffffff', 1);
INSERT INTO `students` VALUES (440, 'Guillermo', 'Paquet', 'gpaquetc7@naver.com', 'Kaboora Institute of Higher Education', 'http://dummyimage.com/48x48.png/cc0000/ffffff', 1);
INSERT INTO `students` VALUES (441, 'Kiel', 'Whitters', 'kwhittersc8@surveymonkey.com', 'Universidad de Puerto Rico, Utuado', 'http://dummyimage.com/48x48.bmp/ff4444/ffffff', 1);
INSERT INTO `students` VALUES (442, 'Jaclyn', 'Cleevely', 'jcleevelyc9@w3.org', 'Centre de Formation et de Perfectionnement des Jou', 'http://dummyimage.com/48x48.bmp/ff4444/ffffff', 2);
INSERT INTO `students` VALUES (443, 'Dollie', 'Swinglehurst', 'dswinglehurstca@umich.edu', 'Károl Gáspár University of the Reformed Church', 'http://dummyimage.com/48x48.jpg/cc0000/ffffff', 2);
INSERT INTO `students` VALUES (444, 'Selig', 'Meaker', 'smeakercb@unesco.org', 'Forest Institute of Professional Psychology', 'http://dummyimage.com/48x48.bmp/ff4444/ffffff', 1);
INSERT INTO `students` VALUES (445, 'Lane', 'Kehoe', 'lkehoecc@gov.uk', 'Phranakhon Si Ayutthaya Rajabhat University', 'http://dummyimage.com/48x48.bmp/ff4444/ffffff', 2);
INSERT INTO `students` VALUES (446, 'Averell', 'Antrim', 'aantrimcd@desdev.cn', 'Saratov State Technical University', 'http://dummyimage.com/48x48.png/cc0000/ffffff', 1);
INSERT INTO `students` VALUES (447, 'Hinda', 'Dickings', 'hdickingsce@patch.com', 'Northwestern College of Chiropractic', 'http://dummyimage.com/48x48.jpg/ff4444/ffffff', 2);
INSERT INTO `students` VALUES (448, 'Ingrim', 'Lyness', 'ilynesscf@ocn.ne.jp', 'Otis College of Art & Design', 'http://dummyimage.com/48x48.jpg/cc0000/ffffff', 1);
INSERT INTO `students` VALUES (449, 'Ethelda', 'Schistl', 'eschistlcg@wunderground.com', 'Jimei University', 'http://dummyimage.com/48x48.png/cc0000/ffffff', 2);
INSERT INTO `students` VALUES (450, 'Diann', 'De Giorgi', 'ddegiorgich@dropbox.com', 'Ondokuz Mayis University Samsun', 'http://dummyimage.com/48x48.png/dddddd/000000', 2);
INSERT INTO `students` VALUES (451, 'Katerina', 'Saffon', 'ksaffonci@google.com', 'Sudan University for Science and Technology', 'http://dummyimage.com/48x48.bmp/5fa2dd/ffffff', 2);
INSERT INTO `students` VALUES (452, 'Shep', 'Fischer', 'sfischercj@google.it', 'California State University, Long Beach', 'http://dummyimage.com/48x48.png/ff4444/ffffff', 1);
INSERT INTO `students` VALUES (453, 'Alexandro', 'Stoggell', 'astoggellck@cbc.ca', 'Saginaw Valley State University', 'http://dummyimage.com/48x48.png/dddddd/000000', 1);
INSERT INTO `students` VALUES (454, 'Georg', 'Russo', 'grussocl@house.gov', 'Universitas Muhammadiyah Yogyakarta', 'http://dummyimage.com/48x48.bmp/5fa2dd/ffffff', 1);
INSERT INTO `students` VALUES (455, 'Lauralee', 'Antoinet', 'lantoinetcm@g.co', 'State University of New York Institute of Technolo', 'http://dummyimage.com/48x48.png/cc0000/ffffff', 2);
INSERT INTO `students` VALUES (456, 'Idette', 'Clarey', 'iclareycn@cam.ac.uk', 'Université de Batna', 'http://dummyimage.com/48x48.jpg/5fa2dd/ffffff', 2);
INSERT INTO `students` VALUES (457, 'Rafaelita', 'Worthing', 'rworthingco@zdnet.com', 'Universität Hohenheim', 'http://dummyimage.com/48x48.png/ff4444/ffffff', 2);
INSERT INTO `students` VALUES (458, 'Brett', 'Loynes', 'bloynescp@sciencedaily.com', 'National Academy for Physical Education and Sports', 'http://dummyimage.com/48x48.png/dddddd/000000', 1);
INSERT INTO `students` VALUES (459, 'Tracie', 'Pablos', 'tpabloscq@comsenz.com', 'Business School Lausanne (BSL)', 'http://dummyimage.com/48x48.jpg/ff4444/ffffff', 2);
INSERT INTO `students` VALUES (460, 'Karin', 'Hannabus', 'khannabuscr@gmpg.org', 'Mayo Medical School', 'http://dummyimage.com/48x48.png/ff4444/ffffff', 2);
INSERT INTO `students` VALUES (461, 'Chane', 'Ivic', 'civiccs@google.pl', 'Instituto de Enseñanza Superior del Ejército', 'http://dummyimage.com/48x48.bmp/dddddd/000000', 1);
INSERT INTO `students` VALUES (462, 'Wenda', 'Jaycocks', 'wjaycocksct@cnn.com', 'Kazan State University of Technology', 'http://dummyimage.com/48x48.jpg/ff4444/ffffff', 2);
INSERT INTO `students` VALUES (463, 'Saxe', 'Fogarty', 'sfogartycu@drupal.org', 'Universidad Nacional de Loja', 'http://dummyimage.com/48x48.png/dddddd/000000', 1);
INSERT INTO `students` VALUES (464, 'Rudolph', 'Hill', 'rhillcv@prlog.org', 'University of the Assumption', 'http://dummyimage.com/48x48.bmp/5fa2dd/ffffff', 1);
INSERT INTO `students` VALUES (465, 'Terrance', 'Inold', 'tinoldcw@privacy.gov.au', 'Universidad Andina Nestor Caceares Velasquez', 'http://dummyimage.com/48x48.bmp/dddddd/000000', 1);
INSERT INTO `students` VALUES (466, 'Ethelda', 'Marvel', 'emarvelcx@hc360.com', 'Teikyo University of Science and Technology', 'http://dummyimage.com/48x48.bmp/5fa2dd/ffffff', 2);
INSERT INTO `students` VALUES (467, 'Rene', 'Riolfi', 'rriolficy@blogs.com', 'Universidad de Los Lagos', 'http://dummyimage.com/48x48.jpg/cc0000/ffffff', 1);
INSERT INTO `students` VALUES (468, 'Sianna', 'Geratt', 'sgerattcz@cafepress.com', 'McMurry University', 'http://dummyimage.com/48x48.jpg/ff4444/ffffff', 2);
INSERT INTO `students` VALUES (469, 'Ediva', 'Kynett', 'ekynettd0@infoseek.co.jp', 'Future University', 'http://dummyimage.com/48x48.png/dddddd/000000', 2);
INSERT INTO `students` VALUES (470, 'Lib', 'Littrick', 'llittrickd1@intel.com', 'Ecole Spéciale de Mécanique et d\'Electricité', 'http://dummyimage.com/48x48.png/ff4444/ffffff', 2);
INSERT INTO `students` VALUES (471, 'Odie', 'Tippin', 'otippind2@house.gov', 'Hartwick College', 'http://dummyimage.com/48x48.png/5fa2dd/ffffff', 1);
INSERT INTO `students` VALUES (472, 'Luciano', 'Godsil', 'lgodsild3@infoseek.co.jp', 'Kobe Gakuin University', 'http://dummyimage.com/48x48.jpg/ff4444/ffffff', 1);
INSERT INTO `students` VALUES (473, 'Pietro', 'Rosterne', 'prosterned4@gmpg.org', 'Umea University', 'http://dummyimage.com/48x48.jpg/ff4444/ffffff', 1);
INSERT INTO `students` VALUES (474, 'Jessy', 'Gilffilland', 'jgilffillandd5@aol.com', 'International Business University of Beijing', 'http://dummyimage.com/48x48.bmp/dddddd/000000', 2);
INSERT INTO `students` VALUES (475, 'Clyde', 'Bricket', 'cbricketd6@i2i.jp', 'Samara State Academy for Railway Transportation', 'http://dummyimage.com/48x48.png/cc0000/ffffff', 1);
INSERT INTO `students` VALUES (476, 'Annamarie', 'Jakeman', 'ajakemand7@feedburner.com', 'Jilin University of Technology', 'http://dummyimage.com/48x48.png/cc0000/ffffff', 2);
INSERT INTO `students` VALUES (477, 'Ellswerth', 'de Quincey', 'edequinceyd8@usatoday.com', 'Universidad Catolica de Temuco', 'http://dummyimage.com/48x48.png/ff4444/ffffff', 1);
INSERT INTO `students` VALUES (478, 'Roda', 'Mousdall', 'rmousdalld9@wunderground.com', 'University College of Gävle', 'http://dummyimage.com/48x48.jpg/cc0000/ffffff', 2);
INSERT INTO `students` VALUES (479, 'Hannie', 'Cleife', 'hcleifeda@usgs.gov', 'Modern Sciences & Arts University', 'http://dummyimage.com/48x48.bmp/ff4444/ffffff', 2);
INSERT INTO `students` VALUES (480, 'Hirsch', 'Killshaw', 'hkillshawdb@tuttocitta.it', 'Universidad del Sagrado Corazon', 'http://dummyimage.com/48x48.png/5fa2dd/ffffff', 1);
INSERT INTO `students` VALUES (481, 'Sadie', 'Elstow', 'selstowdc@ihg.com', 'University of Florence', 'http://dummyimage.com/48x48.png/cc0000/ffffff', 2);
INSERT INTO `students` VALUES (482, 'Viviene', 'Durnell', 'vdurnelldd@1688.com', 'Shanghai University of Science and Technology', 'http://dummyimage.com/48x48.bmp/5fa2dd/ffffff', 2);
INSERT INTO `students` VALUES (483, 'Janice', 'Deer', 'jdeerde@webmd.com', 'Puntland State University', 'http://dummyimage.com/48x48.png/cc0000/ffffff', 2);
INSERT INTO `students` VALUES (484, 'Malachi', 'Lanfranchi', 'mlanfranchidf@photobucket.com', 'Universität für Bodenkultur Wien', 'http://dummyimage.com/48x48.png/cc0000/ffffff', 1);
INSERT INTO `students` VALUES (485, 'Bevin', 'Ackery', 'backerydg@apple.com', 'Phillips-Universität Marburg', 'http://dummyimage.com/48x48.bmp/5fa2dd/ffffff', 1);
INSERT INTO `students` VALUES (486, 'Vern', 'Greenig', 'vgreenigdh@google.cn', 'Fachhochschule Koblenz', 'http://dummyimage.com/48x48.jpg/dddddd/000000', 1);
INSERT INTO `students` VALUES (487, 'Harriet', 'Milley', 'hmilleydi@vkontakte.ru', 'Växjö University', 'http://dummyimage.com/48x48.png/ff4444/ffffff', 2);
INSERT INTO `students` VALUES (488, 'Danny', 'Tampen', 'dtampendj@nytimes.com', 'St. Mary\'s University of Minnesota', 'http://dummyimage.com/48x48.png/dddddd/000000', 2);
INSERT INTO `students` VALUES (489, 'Kippie', 'Hadcroft', 'khadcroftdk@github.io', 'Universidad del Mar', 'http://dummyimage.com/48x48.bmp/cc0000/ffffff', 1);
INSERT INTO `students` VALUES (490, 'Marmaduke', 'Weaving', 'mweavingdl@indiegogo.com', 'Buckinghamshire New University', 'http://dummyimage.com/48x48.jpg/dddddd/000000', 1);
INSERT INTO `students` VALUES (491, 'Teodoro', 'Skevington', 'tskevingtondm@furl.net', 'Barnard College - Columbia University', 'http://dummyimage.com/48x48.bmp/dddddd/000000', 1);
INSERT INTO `students` VALUES (492, 'L;urette', 'Sewall', 'lsewalldn@businessinsider.com', 'Instituto Universitario CEMA', 'http://dummyimage.com/48x48.jpg/cc0000/ffffff', 2);
INSERT INTO `students` VALUES (493, 'Paxon', 'Petyankin', 'ppetyankindo@bing.com', 'Trinity College of Music', 'http://dummyimage.com/48x48.png/ff4444/ffffff', 1);
INSERT INTO `students` VALUES (494, 'Germain', 'Adam', 'gadamdp@shutterfly.com', 'Université du Havre', 'http://dummyimage.com/48x48.bmp/cc0000/ffffff', 1);
INSERT INTO `students` VALUES (495, 'Carmelina', 'Delafoy', 'cdelafoydq@xing.com', 'Rasmussen College, Wisconsin Campuses', 'http://dummyimage.com/48x48.bmp/dddddd/000000', 2);
INSERT INTO `students` VALUES (496, 'Marcille', 'Ivashintsov', 'mivashintsovdr@nasa.gov', 'University of Pittsburgh at Johnstown', 'http://dummyimage.com/48x48.png/cc0000/ffffff', 2);
INSERT INTO `students` VALUES (497, 'Bailie', 'Whittock', 'bwhittockds@goo.ne.jp', 'Northeast Agricultural University', 'http://dummyimage.com/48x48.jpg/cc0000/ffffff', 1);
INSERT INTO `students` VALUES (498, 'Hillyer', 'Georghiou', 'hgeorghioudt@marketwatch.com', 'Vilnius Academy of Arts', 'http://dummyimage.com/48x48.png/ff4444/ffffff', 1);
INSERT INTO `students` VALUES (499, 'Jamey', 'Dilrew', 'jdilrewdu@digg.com', 'Maldives National University', 'http://dummyimage.com/48x48.jpg/cc0000/ffffff', 1);
INSERT INTO `students` VALUES (500, 'Gary', 'De Lorenzo', 'gdelorenzodv@usa.gov', 'Ecole Nationale Supérieure de Chimie de Lille', 'http://dummyimage.com/48x48.bmp/dddddd/000000', 1);
INSERT INTO `students` VALUES (501, 'Pennie', 'Newling', 'pnewlingdw@mail.ru', 'University for Peace', 'http://dummyimage.com/48x48.jpg/dddddd/000000', 1);
INSERT INTO `students` VALUES (502, 'Dennis', 'McCarlich', 'dmccarlichdx@ameblo.jp', 'Wah Medical College', 'http://dummyimage.com/48x48.bmp/dddddd/000000', 1);
INSERT INTO `students` VALUES (503, 'Ara', 'Andreasson', 'aandreassondy@creativecommons.org', 'College of Management', 'http://dummyimage.com/48x48.png/dddddd/000000', 2);
INSERT INTO `students` VALUES (504, 'Freeman', 'Piddlehinton', 'fpiddlehintondz@nasa.gov', 'Shiraz University of Technology', 'http://dummyimage.com/48x48.png/dddddd/000000', 1);
INSERT INTO `students` VALUES (505, 'Whitney', 'Rivaland', 'wrivalande0@moonfruit.com', 'Virginia Military Institute', 'http://dummyimage.com/48x48.png/cc0000/ffffff', 2);
INSERT INTO `students` VALUES (506, 'Billie', 'Tinker', 'btinkere1@canalblog.com', 'Kebbi State University of Science and Technology', 'http://dummyimage.com/48x48.png/dddddd/000000', 2);
INSERT INTO `students` VALUES (507, 'Otha', 'Fullom', 'ofullome2@nature.com', 'University of Liberal Arts', 'http://dummyimage.com/48x48.png/dddddd/000000', 2);
INSERT INTO `students` VALUES (508, 'Victoria', 'Ashworth', 'vashworthe3@state.tx.us', 'Anderson University', 'http://dummyimage.com/48x48.jpg/ff4444/ffffff', 2);
INSERT INTO `students` VALUES (509, 'Bartolomeo', 'Rice', 'bricee4@t.co', 'Ecole Nationale Supérieure de Techniques Avancées', 'http://dummyimage.com/48x48.jpg/dddddd/000000', 1);
INSERT INTO `students` VALUES (510, 'Massimo', 'Wimpress', 'mwimpresse5@usgs.gov', 'Martin-Luther Universität Halle-Wittenberg', 'http://dummyimage.com/48x48.png/dddddd/000000', 1);
INSERT INTO `students` VALUES (511, 'Leelah', 'Lathe', 'llathee6@networksolutions.com', 'Technological Education Institute of Serres', 'http://dummyimage.com/48x48.jpg/cc0000/ffffff', 2);
INSERT INTO `students` VALUES (512, 'Field', 'Armsby', 'farmsbye7@reverbnation.com', 'Schiller International University, London', 'http://dummyimage.com/48x48.bmp/dddddd/000000', 1);
INSERT INTO `students` VALUES (513, 'Merill', 'Dran', 'mdrane8@webeden.co.uk', 'Universidade Federal de Viçosa', 'http://dummyimage.com/48x48.bmp/cc0000/ffffff', 1);
INSERT INTO `students` VALUES (514, 'Kora', 'Annakin', 'kannakine9@nytimes.com', 'Bauchi State University, Gadau', 'http://dummyimage.com/48x48.jpg/cc0000/ffffff', 2);
INSERT INTO `students` VALUES (515, 'Kirsten', 'Heugle', 'kheugleea@spotify.com', 'University of Malawi', 'http://dummyimage.com/48x48.jpg/5fa2dd/ffffff', 2);
INSERT INTO `students` VALUES (516, 'Cati', 'MacCaughey', 'cmaccaugheyeb@ca.gov', 'Japanese Red Cross College of Nursing', 'http://dummyimage.com/48x48.bmp/cc0000/ffffff', 2);
INSERT INTO `students` VALUES (517, 'Aloysia', 'Gallymore', 'agallymoreec@smugmug.com', 'Universiti Utara Malaysia', 'http://dummyimage.com/48x48.jpg/dddddd/000000', 2);
INSERT INTO `students` VALUES (518, 'Agace', 'Colmore', 'acolmoreed@networksolutions.com', 'Razi University', 'http://dummyimage.com/48x48.png/dddddd/000000', 2);
INSERT INTO `students` VALUES (519, 'Amos', 'Maccree', 'amaccreeee@hostgator.com', 'Universidade de Evora', 'http://dummyimage.com/48x48.bmp/5fa2dd/ffffff', 1);
INSERT INTO `students` VALUES (520, 'Hansiain', 'Gerlts', 'hgerltsef@360.cn', 'University of Fort Hare', 'http://dummyimage.com/48x48.bmp/dddddd/000000', 1);
INSERT INTO `students` VALUES (521, 'Kordula', 'Bagshaw', 'kbagshaweg@1und1.de', 'Tokyo University of Pharmacy and Life Science', 'http://dummyimage.com/48x48.png/5fa2dd/ffffff', 2);
INSERT INTO `students` VALUES (522, 'Raymond', 'Chilton', 'rchiltoneh@ed.gov', 'Kenyatta University', 'http://dummyimage.com/48x48.png/dddddd/000000', 1);
INSERT INTO `students` VALUES (523, 'Lindy', 'Bryning', 'lbryningei@wordpress.com', 'Universidade de Mogi das Cruzes', 'http://dummyimage.com/48x48.jpg/5fa2dd/ffffff', 1);
INSERT INTO `students` VALUES (524, 'Rene', 'Kightly', 'rkightlyej@marketwatch.com', 'Nnamdi Azikiwe University', 'http://dummyimage.com/48x48.bmp/ff4444/ffffff', 2);
INSERT INTO `students` VALUES (525, 'Wendell', 'Dobble', 'wdobbleek@google.ru', 'Universidad de Guanajuato, Campus León', 'http://dummyimage.com/48x48.png/ff4444/ffffff', 1);
INSERT INTO `students` VALUES (526, 'Milena', 'Bracchi', 'mbracchiel@plala.or.jp', 'Queens College', 'http://dummyimage.com/48x48.jpg/dddddd/000000', 2);
INSERT INTO `students` VALUES (527, 'Breena', 'Naismith', 'bnaismithem@taobao.com', 'Otto-von-Guericke Universität Magdeburg', 'http://dummyimage.com/48x48.jpg/dddddd/000000', 2);
INSERT INTO `students` VALUES (528, 'Darrelle', 'Massingham', 'dmassinghamen@microsoft.com', 'Hanoi Medical University', 'http://dummyimage.com/48x48.png/5fa2dd/ffffff', 2);
INSERT INTO `students` VALUES (529, 'Stephen', 'Filyushkin', 'sfilyushkineo@boston.com', 'Hogeschool voor de Kunsten Utrecht (HKU)', 'http://dummyimage.com/48x48.bmp/ff4444/ffffff', 1);
INSERT INTO `students` VALUES (530, 'Caspar', 'Kernan', 'ckernanep@weebly.com', 'Yangtze University', 'http://dummyimage.com/48x48.jpg/cc0000/ffffff', 1);
INSERT INTO `students` VALUES (531, 'Martica', 'Breckin', 'mbreckineq@ftc.gov', 'L\'Université de l\'Entreprise', 'http://dummyimage.com/48x48.jpg/ff4444/ffffff', 2);
INSERT INTO `students` VALUES (532, 'Etti', 'Boyland', 'eboylander@state.gov', 'Urmia University of Medical Sciences', 'http://dummyimage.com/48x48.jpg/ff4444/ffffff', 2);
INSERT INTO `students` VALUES (533, 'Letta', 'Fielders', 'lfielderses@ifeng.com', 'Dongbei University of Finance And Economics', 'http://dummyimage.com/48x48.png/cc0000/ffffff', 2);
INSERT INTO `students` VALUES (534, 'Lory', 'Passy', 'lpassyet@diigo.com', 'National Changhua University of Education', 'http://dummyimage.com/48x48.bmp/5fa2dd/ffffff', 2);
INSERT INTO `students` VALUES (535, 'Sumner', 'Spikins', 'sspikinseu@discuz.net', 'School of the Museum of Fine Arts', 'http://dummyimage.com/48x48.png/5fa2dd/ffffff', 1);
INSERT INTO `students` VALUES (536, 'Clint', 'Beasley', 'cbeasleyev@reddit.com', 'Université d\'Aix-Marseille III', 'http://dummyimage.com/48x48.bmp/dddddd/000000', 1);
INSERT INTO `students` VALUES (537, 'Frank', 'Gleadle', 'fgleadleew@gizmodo.com', 'Okinawa Prefectural University of Fine Arts', 'http://dummyimage.com/48x48.jpg/ff4444/ffffff', 2);
INSERT INTO `students` VALUES (538, 'Edwina', 'Hryniewicz', 'ehryniewiczex@de.vu', 'Universidad Católica de Santo Domingo', 'http://dummyimage.com/48x48.png/ff4444/ffffff', 2);
INSERT INTO `students` VALUES (539, 'Jordan', 'Benettini', 'jbenettiniey@dedecms.com', 'Gonzaga University', 'http://dummyimage.com/48x48.jpg/ff4444/ffffff', 2);
INSERT INTO `students` VALUES (540, 'Marius', 'Cliff', 'mcliffez@youku.com', 'Trisakti Institute of Tourism ', 'http://dummyimage.com/48x48.jpg/ff4444/ffffff', 1);
INSERT INTO `students` VALUES (541, 'Torrin', 'Gutans', 'tgutansf0@ycombinator.com', 'University of New Hampshire', 'http://dummyimage.com/48x48.png/cc0000/ffffff', 1);
INSERT INTO `students` VALUES (542, 'Rouvin', 'Smithson', 'rsmithsonf1@ibm.com', 'Universitas Mahendradatta', 'http://dummyimage.com/48x48.bmp/cc0000/ffffff', 1);
INSERT INTO `students` VALUES (543, 'Boony', 'Males', 'bmalesf2@vkontakte.ru', 'Institut d\'Etudes Politiques de Paris (Sciences Po', 'http://dummyimage.com/48x48.bmp/cc0000/ffffff', 1);
INSERT INTO `students` VALUES (544, 'Caritta', 'Ivashkov', 'civashkovf3@ibm.com', 'Universidad Iberoamericana', 'http://dummyimage.com/48x48.jpg/dddddd/000000', 2);
INSERT INTO `students` VALUES (545, 'Jenilee', 'Beumant', 'jbeumantf4@example.com', 'Tamkang University', 'http://dummyimage.com/48x48.bmp/ff4444/ffffff', 2);
INSERT INTO `students` VALUES (546, 'Floria', 'Brognot', 'fbrognotf5@jalbum.net', 'Universidad de Antioquía', 'http://dummyimage.com/48x48.png/5fa2dd/ffffff', 2);
INSERT INTO `students` VALUES (547, 'Wilbur', 'Cancellieri', 'wcancellierif6@geocities.com', 'Mahachulalongkorn Buddhist University', 'http://dummyimage.com/48x48.png/cc0000/ffffff', 1);
INSERT INTO `students` VALUES (548, 'Kip', 'Cholwell', 'kcholwellf7@umn.edu', 'Trinity College Carmarthen', 'http://dummyimage.com/48x48.bmp/5fa2dd/ffffff', 1);
INSERT INTO `students` VALUES (549, 'Rebekkah', 'Haskey', 'rhaskeyf8@apache.org', 'Ateneo de Manila University', 'http://dummyimage.com/48x48.jpg/dddddd/000000', 2);
INSERT INTO `students` VALUES (550, 'Lydon', 'Dibsdale', 'ldibsdalef9@blinklist.com', 'Fachhochschule Köln', 'http://dummyimage.com/48x48.png/cc0000/ffffff', 1);
INSERT INTO `students` VALUES (551, 'Klaus', 'Kroger', 'kkrogerfa@yolasite.com', 'Buraydah College for Applied Medical Sciences', 'http://dummyimage.com/48x48.png/5fa2dd/ffffff', 1);
INSERT INTO `students` VALUES (552, 'Merline', 'Rodgman', 'mrodgmanfb@trellian.com', 'Sapporo University', 'http://dummyimage.com/48x48.jpg/ff4444/ffffff', 2);
INSERT INTO `students` VALUES (553, 'Dolf', 'Simmings', 'dsimmingsfc@ca.gov', 'Shaanxi Normal University', 'http://dummyimage.com/48x48.bmp/dddddd/000000', 1);
INSERT INTO `students` VALUES (554, 'Ragnar', 'Matashkin', 'rmatashkinfd@yolasite.com', 'Our Lady of Fatima University', 'http://dummyimage.com/48x48.jpg/dddddd/000000', 1);
INSERT INTO `students` VALUES (555, 'Rachael', 'Housiaux', 'rhousiauxfe@homestead.com', 'Western Washington University', 'http://dummyimage.com/48x48.png/cc0000/ffffff', 2);
INSERT INTO `students` VALUES (556, 'Jamaal', 'Conneely', 'jconneelyff@mediafire.com', 'University College Dublin', 'http://dummyimage.com/48x48.bmp/ff4444/ffffff', 1);
INSERT INTO `students` VALUES (557, 'Jeanette', 'Leindecker', 'jleindeckerfg@wiley.com', 'School of Banking and Management in Cracow', 'http://dummyimage.com/48x48.bmp/ff4444/ffffff', 2);
INSERT INTO `students` VALUES (558, 'Pepito', 'Berthot', 'pberthotfh@epa.gov', 'Maine College of Art', 'http://dummyimage.com/48x48.bmp/cc0000/ffffff', 1);
INSERT INTO `students` VALUES (559, 'Cassey', 'Sutliff', 'csutlifffi@examiner.com', 'Pedagogical University of Krakow', 'http://dummyimage.com/48x48.png/5fa2dd/ffffff', 2);
INSERT INTO `students` VALUES (560, 'Desiree', 'Goodinson', 'dgoodinsonfj@mapy.cz', 'Tatung Institute of Technology', 'http://dummyimage.com/48x48.png/5fa2dd/ffffff', 2);
INSERT INTO `students` VALUES (561, 'Neel', 'Snoding', 'nsnodingfk@de.vu', 'Universidad del Valle de Toluca', 'http://dummyimage.com/48x48.jpg/5fa2dd/ffffff', 1);
INSERT INTO `students` VALUES (562, 'Angela', 'Bartusek', 'abartusekfl@artisteer.com', 'Yamanashi Medical University', 'http://dummyimage.com/48x48.png/ff4444/ffffff', 2);
INSERT INTO `students` VALUES (563, 'Robyn', 'Pic', 'rpicfm@nba.com', 'Oakwood College', 'http://dummyimage.com/48x48.png/cc0000/ffffff', 2);
INSERT INTO `students` VALUES (564, 'Yorker', 'Seak', 'yseakfn@tamu.edu', 'Gonzaga University', 'http://dummyimage.com/48x48.bmp/5fa2dd/ffffff', 1);
INSERT INTO `students` VALUES (565, 'Anne-corinne', 'MacVagh', 'amacvaghfo@china.com.cn', 'Hochschule Albstadt-Sigmaringen', 'http://dummyimage.com/48x48.png/ff4444/ffffff', 2);
INSERT INTO `students` VALUES (566, 'Skipton', 'Calder', 'scalderfp@opensource.org', 'Nara University of Education', 'http://dummyimage.com/48x48.jpg/dddddd/000000', 1);
INSERT INTO `students` VALUES (567, 'Linn', 'Escot', 'lescotfq@example.com', 'Université Paris Sud (Paris XI)', 'http://dummyimage.com/48x48.jpg/cc0000/ffffff', 2);
INSERT INTO `students` VALUES (568, 'Donnell', 'Tremellan', 'dtremellanfr@wufoo.com', 'Université Louis Pasteur (Strasbourg I)', 'http://dummyimage.com/48x48.png/ff4444/ffffff', 1);
INSERT INTO `students` VALUES (569, 'Vance', 'McTrustam', 'vmctrustamfs@virginia.edu', 'Cardiff University', 'http://dummyimage.com/48x48.png/dddddd/000000', 1);
INSERT INTO `students` VALUES (570, 'Jaclin', 'Barthorpe', 'jbarthorpeft@bbc.co.uk', 'St. Mary\'s University of San Antonio', 'http://dummyimage.com/48x48.jpg/cc0000/ffffff', 2);
INSERT INTO `students` VALUES (571, 'Vergil', 'Haley', 'vhaleyfu@behance.net', 'University of North Alabama', 'http://dummyimage.com/48x48.jpg/cc0000/ffffff', 1);
INSERT INTO `students` VALUES (572, 'Papageno', 'Martinson', 'pmartinsonfv@mayoclinic.com', 'North Carolina Agricultural and Technical State Un', 'http://dummyimage.com/48x48.bmp/dddddd/000000', 1);
INSERT INTO `students` VALUES (573, 'Mel', 'Sushams', 'msushamsfw@mashable.com', 'Alkharj University', 'http://dummyimage.com/48x48.png/5fa2dd/ffffff', 2);
INSERT INTO `students` VALUES (574, 'Wolfie', 'Bugdall', 'wbugdallfx@nasa.gov', 'Moldova Technical University', 'http://dummyimage.com/48x48.png/dddddd/000000', 1);
INSERT INTO `students` VALUES (575, 'Patin', 'Valintine', 'pvalintinefy@arstechnica.com', 'Saratov State Technical University', 'http://dummyimage.com/48x48.bmp/ff4444/ffffff', 1);
INSERT INTO `students` VALUES (576, 'Cull', 'McClaren', 'cmcclarenfz@psu.edu', 'Halmstad University College', 'http://dummyimage.com/48x48.jpg/ff4444/ffffff', 1);
INSERT INTO `students` VALUES (577, 'Ernesto', 'Coultass', 'ecoultassg0@ow.ly', 'Catholic University of Malawi', 'http://dummyimage.com/48x48.jpg/dddddd/000000', 1);
INSERT INTO `students` VALUES (578, 'Reinaldos', 'Dymott', 'rdymottg1@youtube.com', 'Danish University of Education', 'http://dummyimage.com/48x48.jpg/ff4444/ffffff', 1);
INSERT INTO `students` VALUES (579, 'Kiel', 'O\' Borne', 'koborneg2@networkadvertising.org', 'Royal Military College of Canada', 'http://dummyimage.com/48x48.bmp/dddddd/000000', 1);
INSERT INTO `students` VALUES (580, 'Clementine', 'Laviste', 'clavisteg3@twitter.com', 'Eastern Connecticut State University', 'http://dummyimage.com/48x48.jpg/dddddd/000000', 2);
INSERT INTO `students` VALUES (581, 'Manolo', 'Acors', 'macorsg4@businessinsider.com', 'Boise Bible College', 'http://dummyimage.com/48x48.bmp/dddddd/000000', 1);
INSERT INTO `students` VALUES (582, 'Lisle', 'Castano', 'lcastanog5@theguardian.com', 'Keiai University', 'http://dummyimage.com/48x48.png/cc0000/ffffff', 1);
INSERT INTO `students` VALUES (583, 'Benny', 'Tawse', 'btawseg6@plala.or.jp', 'Ryazan State Pedagogical University', 'http://dummyimage.com/48x48.png/cc0000/ffffff', 1);
INSERT INTO `students` VALUES (584, 'Margery', 'Woodruff', 'mwoodruffg7@gizmodo.com', 'University of Dundee', 'http://dummyimage.com/48x48.jpg/cc0000/ffffff', 2);
INSERT INTO `students` VALUES (585, 'Austine', 'Goodings', 'agoodingsg8@europa.eu', 'Hanoi University of Science', 'http://dummyimage.com/48x48.jpg/cc0000/ffffff', 2);
INSERT INTO `students` VALUES (586, 'Bernie', 'Medway', 'bmedwayg9@soundcloud.com', 'University of New Brunswick, Saint John', 'http://dummyimage.com/48x48.bmp/ff4444/ffffff', 1);
INSERT INTO `students` VALUES (587, 'Chastity', 'Defont', 'cdefontga@dyndns.org', 'Bharati Vidyapeeth University', 'http://dummyimage.com/48x48.jpg/5fa2dd/ffffff', 2);
INSERT INTO `students` VALUES (588, 'Jennette', 'Devoy', 'jdevoygb@sciencedirect.com', 'Philadelphia University', 'http://dummyimage.com/48x48.png/5fa2dd/ffffff', 2);
INSERT INTO `students` VALUES (589, 'Oliviero', 'Greiswood', 'ogreiswoodgc@baidu.com', 'Cornell College', 'http://dummyimage.com/48x48.png/5fa2dd/ffffff', 1);
INSERT INTO `students` VALUES (590, 'Barr', 'Gouny', 'bgounygd@hostgator.com', 'Osaka Gakuin University', 'http://dummyimage.com/48x48.bmp/cc0000/ffffff', 1);
INSERT INTO `students` VALUES (591, 'Elaina', 'Searight', 'esearightge@github.com', 'University of Chieti', 'http://dummyimage.com/48x48.jpg/cc0000/ffffff', 2);
INSERT INTO `students` VALUES (592, 'Aurthur', 'Shakelady', 'ashakeladygf@mit.edu', 'University of Nizwa', 'http://dummyimage.com/48x48.png/5fa2dd/ffffff', 1);
INSERT INTO `students` VALUES (593, 'Gregoor', 'Key', 'gkeygg@chicagotribune.com', 'Al Akhawayn University', 'http://dummyimage.com/48x48.bmp/ff4444/ffffff', 1);
INSERT INTO `students` VALUES (594, 'Royall', 'Nissle', 'rnisslegh@rakuten.co.jp', 'Luzhou Medical College', 'http://dummyimage.com/48x48.jpg/ff4444/ffffff', 1);
INSERT INTO `students` VALUES (595, 'Asia', 'Scougall', 'ascougallgi@a8.net', 'Universidad Nacional de Tumbes', 'http://dummyimage.com/48x48.jpg/cc0000/ffffff', 2);
INSERT INTO `students` VALUES (596, 'Rosalinda', 'Fyldes', 'rfyldesgj@smugmug.com', 'Sunway University College', 'http://dummyimage.com/48x48.bmp/ff4444/ffffff', 2);
INSERT INTO `students` VALUES (597, 'Rodolph', 'Yeskov', 'ryeskovgk@tripod.com', 'Friedrich-Schiller Universität Jena', 'http://dummyimage.com/48x48.jpg/cc0000/ffffff', 1);
INSERT INTO `students` VALUES (598, 'Doro', 'Knoton', 'dknotongl@gov.uk', 'Royal Danish Academy of Fine Arts, School of Visua', 'http://dummyimage.com/48x48.png/dddddd/000000', 2);
INSERT INTO `students` VALUES (599, 'Jacobo', 'Leyrroyd', 'jleyrroydgm@ucsd.edu', 'Arizona State University', 'http://dummyimage.com/48x48.bmp/dddddd/000000', 1);
INSERT INTO `students` VALUES (600, 'Blanca', 'Matterson', 'bmattersongn@cargocollective.com', 'Universidad Nacional de San Luis', 'http://dummyimage.com/48x48.png/cc0000/ffffff', 2);
INSERT INTO `students` VALUES (601, 'Neile', 'Cotelard', 'ncotelardgo@soup.io', 'Altai State Medical University', 'http://dummyimage.com/48x48.jpg/ff4444/ffffff', 2);
INSERT INTO `students` VALUES (602, 'Lilith', 'O\'Curran', 'locurrangp@berkeley.edu', 'Bahir Dar University', 'http://dummyimage.com/48x48.bmp/dddddd/000000', 2);
INSERT INTO `students` VALUES (603, 'Rodd', 'Mannakee', 'rmannakeegq@blinklist.com', 'California University of Pennsylvania', 'http://dummyimage.com/48x48.bmp/cc0000/ffffff', 1);
INSERT INTO `students` VALUES (604, 'Gerome', 'Burren', 'gburrengr@nasa.gov', 'Martin Luther College', 'http://dummyimage.com/48x48.png/ff4444/ffffff', 1);
INSERT INTO `students` VALUES (605, 'Codie', 'Shenley', 'cshenleygs@github.io', 'Bangabandhu Sheikh Mujibur Rahman Medical Universi', 'http://dummyimage.com/48x48.jpg/dddddd/000000', 1);
INSERT INTO `students` VALUES (606, 'Poppy', 'Davies', 'pdaviesgt@scientificamerican.com', 'Beijing Polytechnic University', 'http://dummyimage.com/48x48.png/ff4444/ffffff', 2);
INSERT INTO `students` VALUES (607, 'Aila', 'Cail', 'acailgu@webeden.co.uk', 'Valahia University of Targoviste', 'http://dummyimage.com/48x48.png/cc0000/ffffff', 2);
INSERT INTO `students` VALUES (608, 'Creighton', 'Mellings', 'cmellingsgv@boston.com', 'Islamic Azad University, Bostanabad', 'http://dummyimage.com/48x48.png/cc0000/ffffff', 1);
INSERT INTO `students` VALUES (609, 'Shawn', 'Aubri', 'saubrigw@etsy.com', 'Kyorin University', 'http://dummyimage.com/48x48.bmp/dddddd/000000', 1);
INSERT INTO `students` VALUES (610, 'Pip', 'Pasley', 'ppasleygx@mozilla.com', 'Bethel College Mishawaka', 'http://dummyimage.com/48x48.png/ff4444/ffffff', 1);
INSERT INTO `students` VALUES (611, 'Zacharie', 'Darragh', 'zdarraghgy@sogou.com', 'Southwest Missouri State University - West Plains', 'http://dummyimage.com/48x48.bmp/5fa2dd/ffffff', 1);
INSERT INTO `students` VALUES (612, 'Ezri', 'Crees', 'ecreesgz@sciencedaily.com', 'NHTV Breda University of Professional Education', 'http://dummyimage.com/48x48.bmp/ff4444/ffffff', 1);
INSERT INTO `students` VALUES (613, 'Jude', 'Souch', 'jsouchh0@symantec.com', 'University of Texas Health Center at Tyler', 'http://dummyimage.com/48x48.bmp/ff4444/ffffff', 1);
INSERT INTO `students` VALUES (614, 'Huntlee', 'Judd', 'hjuddh1@parallels.com', 'Nanjing University of Economics', 'http://dummyimage.com/48x48.jpg/cc0000/ffffff', 1);
INSERT INTO `students` VALUES (615, 'Mel', 'Eilhermann', 'meilhermannh2@163.com', 'Tohoku Institute of Technology', 'http://dummyimage.com/48x48.bmp/cc0000/ffffff', 2);
INSERT INTO `students` VALUES (616, 'Reta', 'Lints', 'rlintsh3@istockphoto.com', 'Clark University', 'http://dummyimage.com/48x48.bmp/cc0000/ffffff', 2);
INSERT INTO `students` VALUES (617, 'Sidonnie', 'McRannell', 'smcrannellh4@friendfeed.com', 'Ecole Supérieure d\'Electronique de l\'Ouest', 'http://dummyimage.com/48x48.bmp/ff4444/ffffff', 2);
INSERT INTO `students` VALUES (618, 'Benjamin', 'Scullard', 'bscullardh5@foxnews.com', 'Université de Yaoundé II', 'http://dummyimage.com/48x48.jpg/cc0000/ffffff', 1);
INSERT INTO `students` VALUES (619, 'Damon', 'Baiyle', 'dbaiyleh6@about.me', 'Ecole Supérieure de Chimie Physique Electronique d', 'http://dummyimage.com/48x48.jpg/ff4444/ffffff', 1);
INSERT INTO `students` VALUES (620, 'Eada', 'Bragginton', 'ebraggintonh7@admin.ch', 'Al Khawarizmi International College', 'http://dummyimage.com/48x48.jpg/ff4444/ffffff', 2);
INSERT INTO `students` VALUES (621, 'Emmie', 'Tarburn', 'etarburnh8@amazon.co.uk', 'Oita University', 'http://dummyimage.com/48x48.jpg/5fa2dd/ffffff', 2);
INSERT INTO `students` VALUES (622, 'Earl', 'Esterbrook', 'eesterbrookh9@ftc.gov', 'Maine College of Art', 'http://dummyimage.com/48x48.jpg/ff4444/ffffff', 1);
INSERT INTO `students` VALUES (623, 'Herschel', 'Deviney', 'hdevineyha@so-net.ne.jp', 'Eastern Kentucky University', 'http://dummyimage.com/48x48.bmp/cc0000/ffffff', 1);
INSERT INTO `students` VALUES (624, 'Cozmo', 'Spieght', 'cspieghthb@tiny.cc', 'Nebraska Wesleyan University', 'http://dummyimage.com/48x48.png/dddddd/000000', 1);
INSERT INTO `students` VALUES (625, 'Ailina', 'Goody', 'agoodyhc@slate.com', 'Hochschule Albstadt-Sigmaringen', 'http://dummyimage.com/48x48.bmp/ff4444/ffffff', 2);
INSERT INTO `students` VALUES (626, 'Joelie', 'Igoe', 'jigoehd@blogs.com', 'Marygrove College', 'http://dummyimage.com/48x48.bmp/5fa2dd/ffffff', 2);
INSERT INTO `students` VALUES (627, 'Adelbert', 'Whye', 'awhyehe@ihg.com', 'Hogeschool Inholland', 'http://dummyimage.com/48x48.png/ff4444/ffffff', 1);
INSERT INTO `students` VALUES (628, 'Robinet', 'Rubel', 'rrubelhf@dagondesign.com', 'Ecole Nationale d\'Ingénieurs des Travaux Agricoles', 'http://dummyimage.com/48x48.bmp/5fa2dd/ffffff', 1);
INSERT INTO `students` VALUES (629, 'Kev', 'Iwanowski', 'kiwanowskihg@illinois.edu', 'Northwestern State University of Louisiana', 'http://dummyimage.com/48x48.bmp/cc0000/ffffff', 1);
INSERT INTO `students` VALUES (630, 'Cass', 'Hickenbottom', 'chickenbottomhh@businessweek.com', 'Mashhad University of Medical Sciences', 'http://dummyimage.com/48x48.jpg/dddddd/000000', 2);
INSERT INTO `students` VALUES (631, 'Camella', 'Twinbourne', 'ctwinbournehi@pcworld.com', 'Kebbi State University of Science and Technology', 'http://dummyimage.com/48x48.bmp/dddddd/000000', 2);
INSERT INTO `students` VALUES (632, 'Angie', 'Vedyaev', 'avedyaevhj@wikia.com', 'Gdynia Maritime Academy', 'http://dummyimage.com/48x48.bmp/dddddd/000000', 1);
INSERT INTO `students` VALUES (633, 'Kimberlee', 'Shadrach', 'kshadrachhk@opera.com', 'Nishinippon Institute of Technology', 'http://dummyimage.com/48x48.jpg/ff4444/ffffff', 2);
INSERT INTO `students` VALUES (634, 'Megan', 'Janecek', 'mjanecekhl@bandcamp.com', 'Universitas Putera Batam', 'http://dummyimage.com/48x48.bmp/ff4444/ffffff', 2);
INSERT INTO `students` VALUES (635, 'Timmi', 'Christer', 'tchristerhm@devhub.com', 'Albany Medical Center', 'http://dummyimage.com/48x48.bmp/ff4444/ffffff', 2);
INSERT INTO `students` VALUES (636, 'Lewes', 'Agdahl', 'lagdahlhn@quantcast.com', 'Hamadan University of Medical Sciences', 'http://dummyimage.com/48x48.jpg/cc0000/ffffff', 1);
INSERT INTO `students` VALUES (637, 'Mord', 'McPharlain', 'mmcpharlainho@sciencedaily.com', 'Ashton College', 'http://dummyimage.com/48x48.jpg/ff4444/ffffff', 1);
INSERT INTO `students` VALUES (638, 'Abrahan', 'Corradeschi', 'acorradeschihp@accuweather.com', 'Universitas Katolik Widya Karya', 'http://dummyimage.com/48x48.jpg/cc0000/ffffff', 1);
INSERT INTO `students` VALUES (639, 'Belia', 'McPhelimey', 'bmcphelimeyhq@amazon.co.uk', 'Taylor University, Fort Wayne Campus', 'http://dummyimage.com/48x48.bmp/ff4444/ffffff', 2);
INSERT INTO `students` VALUES (640, 'Steffie', 'Bum', 'sbumhr@si.edu', 'Nuclear Institute for Agriculture and Biology (NIA', 'http://dummyimage.com/48x48.png/cc0000/ffffff', 2);
INSERT INTO `students` VALUES (641, 'Aguste', 'Bellin', 'abellinhs@ftc.gov', 'Illinois Valley Community College', 'http://dummyimage.com/48x48.bmp/5fa2dd/ffffff', 1);
INSERT INTO `students` VALUES (642, 'Sherwynd', 'Anyene', 'sanyeneht@bluehost.com', 'Ryerson Polytechnic University', 'http://dummyimage.com/48x48.jpg/dddddd/000000', 1);
INSERT INTO `students` VALUES (643, 'Nerti', 'Pech', 'npechhu@wunderground.com', 'Dalian Polytechnic University', 'http://dummyimage.com/48x48.jpg/cc0000/ffffff', 2);
INSERT INTO `students` VALUES (644, 'Sarajane', 'Van', 'svanhv@globo.com', 'Universitas 17 Agustus 1945 Cirebon', 'http://dummyimage.com/48x48.png/cc0000/ffffff', 2);
INSERT INTO `students` VALUES (645, 'Gustavus', 'Ferreiro', 'gferreirohw@trellian.com', 'Evangelische Fachhochschule Freiburg, Hochschule f', 'http://dummyimage.com/48x48.bmp/dddddd/000000', 1);
INSERT INTO `students` VALUES (646, 'Vale', 'Witherby', 'vwitherbyhx@go.com', 'Universität für künstlerische und industrielle Ges', 'http://dummyimage.com/48x48.jpg/5fa2dd/ffffff', 1);
INSERT INTO `students` VALUES (647, 'Ashlin', 'Smeath', 'asmeathhy@icq.com', 'University of Targu Jiu', 'http://dummyimage.com/48x48.jpg/ff4444/ffffff', 1);
INSERT INTO `students` VALUES (648, 'Lula', 'Jimson', 'ljimsonhz@smugmug.com', 'Shri Jagannath Sanskrit University', 'http://dummyimage.com/48x48.png/dddddd/000000', 2);
INSERT INTO `students` VALUES (649, 'Rafaellle', 'Gauld', 'rgauldi0@google.de', 'Frostburg State University', 'http://dummyimage.com/48x48.png/ff4444/ffffff', 1);
INSERT INTO `students` VALUES (650, 'Madge', 'Calvard', 'mcalvardi1@aboutads.info', 'Acadia University', 'http://dummyimage.com/48x48.bmp/cc0000/ffffff', 2);
INSERT INTO `students` VALUES (651, 'Fannie', 'Beneteau', 'fbeneteaui2@marriott.com', 'Université d\'Artois', 'http://dummyimage.com/48x48.png/dddddd/000000', 2);
INSERT INTO `students` VALUES (652, 'Jemima', 'Pischoff', 'jpischoffi3@about.me', 'Universidad Catolica de La Santísima Concepción', 'http://dummyimage.com/48x48.bmp/5fa2dd/ffffff', 2);
INSERT INTO `students` VALUES (653, 'Merrie', 'Disdel', 'mdisdeli4@cbsnews.com', 'ITT Technical Institute Indianapolis', 'http://dummyimage.com/48x48.png/cc0000/ffffff', 2);
INSERT INTO `students` VALUES (654, 'Annice', 'Tregent', 'atregenti5@foxnews.com', 'Tokyo Denki University', 'http://dummyimage.com/48x48.png/5fa2dd/ffffff', 2);
INSERT INTO `students` VALUES (655, 'Lillis', 'Balazin', 'lbalazini6@dyndns.org', 'Universidad de Caldas', 'http://dummyimage.com/48x48.png/cc0000/ffffff', 2);
INSERT INTO `students` VALUES (656, 'Towney', 'Phillimore', 'tphillimorei7@live.com', 'University of Dubuque', 'http://dummyimage.com/48x48.png/cc0000/ffffff', 1);
INSERT INTO `students` VALUES (657, 'Willi', 'Hanselmann', 'whanselmanni8@youtube.com', 'Universidade Federal Rural do Semi-Árido', 'http://dummyimage.com/48x48.jpg/5fa2dd/ffffff', 2);
INSERT INTO `students` VALUES (658, 'Kristo', 'Attow', 'kattowi9@examiner.com', 'Beijing Foreign Studies University', 'http://dummyimage.com/48x48.jpg/ff4444/ffffff', 1);
INSERT INTO `students` VALUES (659, 'Billye', 'Sillitoe', 'bsillitoeia@deviantart.com', 'Omsk State Pedagogical University', 'http://dummyimage.com/48x48.jpg/dddddd/000000', 2);
INSERT INTO `students` VALUES (660, 'Annabella', 'Pohl', 'apohlib@google.it', 'Universitas Indonusa Esa Unggul', 'http://dummyimage.com/48x48.bmp/dddddd/000000', 2);
INSERT INTO `students` VALUES (661, 'Elaina', 'Persian', 'epersianic@about.com', 'Greenwich University', 'http://dummyimage.com/48x48.bmp/5fa2dd/ffffff', 2);
INSERT INTO `students` VALUES (662, 'Goldy', 'Brackley', 'gbrackleyid@illinois.edu', 'Kyoto Seika University', 'http://dummyimage.com/48x48.jpg/5fa2dd/ffffff', 2);
INSERT INTO `students` VALUES (663, 'Vinnie', 'Mold', 'vmoldie@mlb.com', 'Maryville University of St. Louis', 'http://dummyimage.com/48x48.jpg/cc0000/ffffff', 2);
INSERT INTO `students` VALUES (664, 'Bryn', 'Itzkowicz', 'bitzkowiczif@google.it', 'Russian Customs Academy, Vladivostok Branch', 'http://dummyimage.com/48x48.bmp/dddddd/000000', 2);
INSERT INTO `students` VALUES (665, 'Grantley', 'Abramovitz', 'gabramovitzig@spiegel.de', 'Kiev School Of Economics', 'http://dummyimage.com/48x48.png/dddddd/000000', 1);
INSERT INTO `students` VALUES (666, 'Katleen', 'Maden', 'kmadenih@123-reg.co.uk', 'Harbin Medical University', 'http://dummyimage.com/48x48.bmp/cc0000/ffffff', 2);
INSERT INTO `students` VALUES (667, 'Jeannie', 'Nornable', 'jnornableii@over-blog.com', 'Lycoming College', 'http://dummyimage.com/48x48.jpg/dddddd/000000', 2);
INSERT INTO `students` VALUES (668, 'Porty', 'Dubois', 'pduboisij@mapy.cz', 'Semmelweis University of Medical Sciences', 'http://dummyimage.com/48x48.bmp/5fa2dd/ffffff', 1);
INSERT INTO `students` VALUES (669, 'Llewellyn', 'Snalom', 'lsnalomik@deliciousdays.com', 'Philosophisch-Theologische Hochschule Vallendar de', 'http://dummyimage.com/48x48.png/dddddd/000000', 1);
INSERT INTO `students` VALUES (670, 'Virgina', 'Whitcomb', 'vwhitcombil@bigcartel.com', 'Ecole Nationale Supérieure des Mines de Paris', 'http://dummyimage.com/48x48.bmp/dddddd/000000', 2);
INSERT INTO `students` VALUES (671, 'Vanda', 'Scupham', 'vscuphamim@merriam-webster.com', 'Seijo University', 'http://dummyimage.com/48x48.jpg/5fa2dd/ffffff', 2);
INSERT INTO `students` VALUES (672, 'Missie', 'Rosier', 'mrosierin@ezinearticles.com', 'University of Science and Culture', 'http://dummyimage.com/48x48.png/5fa2dd/ffffff', 2);
INSERT INTO `students` VALUES (673, 'Dreddy', 'Matteucci', 'dmatteucciio@businessinsider.com', 'Qiongzhou University', 'http://dummyimage.com/48x48.png/5fa2dd/ffffff', 2);
INSERT INTO `students` VALUES (674, 'Lawton', 'Crimpe', 'lcrimpeip@studiopress.com', 'Technological University (Kyaukse)', 'http://dummyimage.com/48x48.png/cc0000/ffffff', 1);
INSERT INTO `students` VALUES (675, 'Weider', 'Stockall', 'wstockalliq@netlog.com', 'College of Visual Arts', 'http://dummyimage.com/48x48.jpg/5fa2dd/ffffff', 1);
INSERT INTO `students` VALUES (676, 'Morly', 'Domini', 'mdominiir@ted.com', 'Yaroslavl State University', 'http://dummyimage.com/48x48.png/dddddd/000000', 1);
INSERT INTO `students` VALUES (677, 'Briant', 'Shill', 'bshillis@storify.com', 'Kenya College of Accountancy', 'http://dummyimage.com/48x48.bmp/ff4444/ffffff', 1);
INSERT INTO `students` VALUES (678, 'Lock', 'Leynton', 'lleyntonit@mayoclinic.com', 'Meiji College of Pharmacy', 'http://dummyimage.com/48x48.bmp/5fa2dd/ffffff', 1);
INSERT INTO `students` VALUES (679, 'Antonin', 'Vanni', 'avanniiu@patch.com', 'Ecole Catholique d\'Arts & Metiers', 'http://dummyimage.com/48x48.jpg/ff4444/ffffff', 1);
INSERT INTO `students` VALUES (680, 'Ilene', 'McGahey', 'imcgaheyiv@barnesandnoble.com', 'Jichi Medical School', 'http://dummyimage.com/48x48.bmp/cc0000/ffffff', 2);
INSERT INTO `students` VALUES (681, 'Anica', 'Gerred', 'agerrediw@dedecms.com', 'Austin Community College', 'http://dummyimage.com/48x48.bmp/5fa2dd/ffffff', 2);
INSERT INTO `students` VALUES (682, 'Vallie', 'Macrae', 'vmacraeix@tumblr.com', 'Ming Chuan University', 'http://dummyimage.com/48x48.jpg/ff4444/ffffff', 2);
INSERT INTO `students` VALUES (683, 'Bentlee', 'Youthed', 'byouthediy@prlog.org', 'First Global University to teaching Jainism', 'http://dummyimage.com/48x48.bmp/cc0000/ffffff', 1);
INSERT INTO `students` VALUES (684, 'Nikita', 'Lesor', 'nlesoriz@aol.com', 'Universität des Saarlandes', 'http://dummyimage.com/48x48.bmp/dddddd/000000', 1);
INSERT INTO `students` VALUES (685, 'Natalya', 'Anning', 'nanningj0@howstuffworks.com', 'Shawnee State University', 'http://dummyimage.com/48x48.jpg/ff4444/ffffff', 2);
INSERT INTO `students` VALUES (686, 'Virgilio', 'Pellew', 'vpellewj1@buzzfeed.com', 'Riara University School of Business and Law', 'http://dummyimage.com/48x48.png/ff4444/ffffff', 1);
INSERT INTO `students` VALUES (687, 'Jonas', 'Coils', 'jcoilsj2@blog.com', 'Technological University (Hinthada)', 'http://dummyimage.com/48x48.png/5fa2dd/ffffff', 1);
INSERT INTO `students` VALUES (688, 'Micheline', 'Gateley', 'mgateleyj3@china.com.cn', 'Columbia College Hollywood', 'http://dummyimage.com/48x48.bmp/5fa2dd/ffffff', 2);
INSERT INTO `students` VALUES (689, 'Dari', 'Delamar', 'ddelamarj4@eventbrite.com', 'Virginia Military Institute', 'http://dummyimage.com/48x48.bmp/dddddd/000000', 2);
INSERT INTO `students` VALUES (690, 'Deena', 'Chilver', 'dchilverj5@mlb.com', 'Universidad Olmeca', 'http://dummyimage.com/48x48.png/cc0000/ffffff', 2);
INSERT INTO `students` VALUES (691, 'Olympia', 'Denyagin', 'odenyaginj6@google.de', 'Ambassador University', 'http://dummyimage.com/48x48.bmp/cc0000/ffffff', 2);
INSERT INTO `students` VALUES (692, 'Adrien', 'Thirlwell', 'athirlwellj7@meetup.com', 'Rasmussen College, Florida Campuses', 'http://dummyimage.com/48x48.jpg/dddddd/000000', 1);
INSERT INTO `students` VALUES (693, 'Banky', 'Loffhead', 'bloffheadj8@si.edu', 'Sofia University \"St. Kliment Ohridski\"', 'http://dummyimage.com/48x48.jpg/ff4444/ffffff', 1);
INSERT INTO `students` VALUES (694, 'Jerrome', 'Aspinal', 'jaspinalj9@comsenz.com', 'Chiba University', 'http://dummyimage.com/48x48.bmp/cc0000/ffffff', 1);
INSERT INTO `students` VALUES (695, 'Lonny', 'Eyre', 'leyreja@huffingtonpost.com', 'Technical University of Liberec', 'http://dummyimage.com/48x48.bmp/ff4444/ffffff', 1);
INSERT INTO `students` VALUES (696, 'Colet', 'Iori', 'ciorijb@e-recht24.de', 'Universitas Pancasila', 'http://dummyimage.com/48x48.bmp/cc0000/ffffff', 1);
INSERT INTO `students` VALUES (697, 'Nahum', 'Warden', 'nwardenjc@dot.gov', 'Chuka University', 'http://dummyimage.com/48x48.bmp/dddddd/000000', 1);
INSERT INTO `students` VALUES (698, 'Rutledge', 'Auld', 'rauldjd@bizjournals.com', 'University of Pavia', 'http://dummyimage.com/48x48.jpg/dddddd/000000', 1);
INSERT INTO `students` VALUES (699, 'Ravi', 'Knevet', 'rknevetje@123-reg.co.uk', 'Kobe Gakuin University', 'http://dummyimage.com/48x48.png/ff4444/ffffff', 1);
INSERT INTO `students` VALUES (700, 'Nadya', 'Bucky', 'nbuckyjf@histats.com', 'University of Arkansas at Pine Bluff', 'http://dummyimage.com/48x48.png/ff4444/ffffff', 2);
INSERT INTO `students` VALUES (701, 'Putnam', 'Esmead', 'pesmeadjg@latimes.com', 'Université Paris Nord (Paris XIII)', 'http://dummyimage.com/48x48.bmp/cc0000/ffffff', 1);
INSERT INTO `students` VALUES (702, 'Irwin', 'Sherman', 'ishermanjh@wordpress.com', 'Emmaus Bible College', 'http://dummyimage.com/48x48.jpg/dddddd/000000', 1);
INSERT INTO `students` VALUES (703, 'Reece', 'Adamczewski', 'radamczewskiji@vkontakte.ru', 'Universidad de Granada', 'http://dummyimage.com/48x48.png/ff4444/ffffff', 1);
INSERT INTO `students` VALUES (704, 'Dolly', 'Tomlinson', 'dtomlinsonjj@1und1.de', 'Free International University of Moldova', 'http://dummyimage.com/48x48.jpg/ff4444/ffffff', 2);
INSERT INTO `students` VALUES (705, 'Shanta', 'Simmonds', 'ssimmondsjk@sina.com.cn', 'University of Glamorgan', 'http://dummyimage.com/48x48.jpg/dddddd/000000', 2);
INSERT INTO `students` VALUES (706, 'Frankie', 'Romayne', 'fromaynejl@mysql.com', 'King\'s College', 'http://dummyimage.com/48x48.jpg/5fa2dd/ffffff', 1);
INSERT INTO `students` VALUES (707, 'Niels', 'Negri', 'nnegrijm@issuu.com', 'National Chung Hsing University, Taichung', 'http://dummyimage.com/48x48.jpg/dddddd/000000', 1);
INSERT INTO `students` VALUES (708, 'Karalynn', 'Capel', 'kcapeljn@unc.edu', 'Universidad Veracruzana', 'http://dummyimage.com/48x48.bmp/dddddd/000000', 2);
INSERT INTO `students` VALUES (709, 'Darell', 'Samworth', 'dsamworthjo@reuters.com', 'Bhupendra Narayan Mandal University', 'http://dummyimage.com/48x48.png/dddddd/000000', 2);
INSERT INTO `students` VALUES (710, 'Hashim', 'Darracott', 'hdarracottjp@ftc.gov', 'Universidad Anáhuac', 'http://dummyimage.com/48x48.bmp/ff4444/ffffff', 1);
INSERT INTO `students` VALUES (711, 'Bailie', 'Acklands', 'backlandsjq@biblegateway.com', 'Nipissing University', 'http://dummyimage.com/48x48.bmp/ff4444/ffffff', 1);
INSERT INTO `students` VALUES (712, 'Gregory', 'O\'Meara', 'gomearajr@kickstarter.com', 'Southern Oregon University', 'http://dummyimage.com/48x48.png/cc0000/ffffff', 1);
INSERT INTO `students` VALUES (713, 'Homer', 'Scorthorne', 'hscorthornejs@hud.gov', 'Vitebsk State Medical University', 'http://dummyimage.com/48x48.bmp/cc0000/ffffff', 1);
INSERT INTO `students` VALUES (714, 'Ronny', 'Spiniello', 'rspiniellojt@whitehouse.gov', 'Martin Luther College', 'http://dummyimage.com/48x48.png/ff4444/ffffff', 1);
INSERT INTO `students` VALUES (715, 'Millicent', 'Handman', 'mhandmanju@shop-pro.jp', 'Khon Kaen University', 'http://dummyimage.com/48x48.jpg/ff4444/ffffff', 2);
INSERT INTO `students` VALUES (716, 'Klarrisa', 'Jagger', 'kjaggerjv@merriam-webster.com', 'Merrimack College', 'http://dummyimage.com/48x48.bmp/ff4444/ffffff', 2);
INSERT INTO `students` VALUES (717, 'Danette', 'Sikorsky', 'dsikorskyjw@phpbb.com', 'Kocaeli University', 'http://dummyimage.com/48x48.jpg/cc0000/ffffff', 2);
INSERT INTO `students` VALUES (718, 'Cece', 'Rosendahl', 'crosendahljx@nytimes.com', 'Benedictine University, Springfield College in Ill', 'http://dummyimage.com/48x48.png/ff4444/ffffff', 1);
INSERT INTO `students` VALUES (719, 'Che', 'Corkett', 'ccorkettjy@webeden.co.uk', 'Alice-Salomon-Fachhochschule für Sozialarbeit und ', 'http://dummyimage.com/48x48.bmp/cc0000/ffffff', 1);
INSERT INTO `students` VALUES (720, 'Mechelle', 'Passler', 'mpasslerjz@dyndns.org', 'Universidad Nacional del Littoral', 'http://dummyimage.com/48x48.bmp/dddddd/000000', 2);
INSERT INTO `students` VALUES (721, 'Oliver', 'Andrieux', 'oandrieuxk0@paypal.com', 'Ecole Nationale Supérieure des Mines de Douai', 'http://dummyimage.com/48x48.bmp/5fa2dd/ffffff', 1);
INSERT INTO `students` VALUES (722, 'Dahlia', 'Betancourt', 'dbetancourtk1@list-manage.com', 'Marymount Manhattan College', 'http://dummyimage.com/48x48.jpg/cc0000/ffffff', 2);
INSERT INTO `students` VALUES (723, 'Mayor', 'Sibbs', 'msibbsk2@blogspot.com', 'Music Academy \"Ignacy Jana Paderewski\" in Poznan', 'http://dummyimage.com/48x48.png/cc0000/ffffff', 1);
INSERT INTO `students` VALUES (724, 'Shandra', 'Downer', 'sdownerk3@army.mil', 'Universität der Bundeswehr München', 'http://dummyimage.com/48x48.bmp/ff4444/ffffff', 2);
INSERT INTO `students` VALUES (725, 'Mariel', 'Head', 'mheadk4@eepurl.com', 'Narendra Deva University of Agriculture and Techno', 'http://dummyimage.com/48x48.png/ff4444/ffffff', 2);
INSERT INTO `students` VALUES (726, 'Chlo', 'Pittway', 'cpittwayk5@usgs.gov', 'Universidad de la Tercera Edad', 'http://dummyimage.com/48x48.png/ff4444/ffffff', 2);
INSERT INTO `students` VALUES (727, 'Tabby', 'Gillean', 'tgilleank6@fema.gov', 'University of Reading', 'http://dummyimage.com/48x48.png/5fa2dd/ffffff', 1);
INSERT INTO `students` VALUES (728, 'Deerdre', 'Romanetti', 'dromanettik7@unicef.org', 'Minamikyushu University', 'http://dummyimage.com/48x48.png/5fa2dd/ffffff', 2);
INSERT INTO `students` VALUES (729, 'Durward', 'Gudyer', 'dgudyerk8@fda.gov', 'Osaka University of Economics', 'http://dummyimage.com/48x48.bmp/ff4444/ffffff', 1);
INSERT INTO `students` VALUES (730, 'Adda', 'Harmson', 'aharmsonk9@unc.edu', 'Bharathidasan University', 'http://dummyimage.com/48x48.bmp/ff4444/ffffff', 2);
INSERT INTO `students` VALUES (731, 'Garwin', 'Vitte', 'gvitteka@hud.gov', 'Universidad Capitain General Gerardo Barrios', 'http://dummyimage.com/48x48.jpg/dddddd/000000', 1);
INSERT INTO `students` VALUES (732, 'Rhodie', 'Dufaire', 'rdufairekb@reverbnation.com', 'Albany Medical Center', 'http://dummyimage.com/48x48.png/ff4444/ffffff', 2);
INSERT INTO `students` VALUES (733, 'Margie', 'Sarre', 'msarrekc@google.com.au', ' Université de Nouakchott', 'http://dummyimage.com/48x48.png/ff4444/ffffff', 2);
INSERT INTO `students` VALUES (734, 'Dory', 'Christaeas', 'dchristaeaskd@altervista.org', 'Great Lakes University of Kisumu', 'http://dummyimage.com/48x48.jpg/ff4444/ffffff', 1);
INSERT INTO `students` VALUES (735, 'Sancho', 'Mulkerrins', 'smulkerrinske@reuters.com', 'Phillips University', 'http://dummyimage.com/48x48.bmp/dddddd/000000', 1);
INSERT INTO `students` VALUES (736, 'Sheri', 'Guillerman', 'sguillermankf@dot.gov', 'Fachhochschule Ravensburg-Weingarten', 'http://dummyimage.com/48x48.jpg/ff4444/ffffff', 2);
INSERT INTO `students` VALUES (737, 'Rosene', 'Gascoyne', 'rgascoynekg@livejournal.com', 'Seokyeong University', 'http://dummyimage.com/48x48.bmp/cc0000/ffffff', 2);
INSERT INTO `students` VALUES (738, 'Alexandr', 'Ring', 'aringkh@blogspot.com', 'State University of New York College at Geneseo', 'http://dummyimage.com/48x48.jpg/5fa2dd/ffffff', 1);
INSERT INTO `students` VALUES (739, 'Anjela', 'Livsey', 'alivseyki@printfriendly.com', 'Polytechnic University', 'http://dummyimage.com/48x48.jpg/cc0000/ffffff', 2);
INSERT INTO `students` VALUES (740, 'Michail', 'Secret', 'msecretkj@w3.org', 'Dokkyo University School of Medicine', 'http://dummyimage.com/48x48.bmp/ff4444/ffffff', 1);
INSERT INTO `students` VALUES (741, 'Charyl', 'Siseland', 'csiselandkk@microsoft.com', 'Isfahan University', 'http://dummyimage.com/48x48.jpg/cc0000/ffffff', 2);
INSERT INTO `students` VALUES (742, 'Tuck', 'Antonat', 'tantonatkl@odnoklassniki.ru', 'Latvian Academy of Arts', 'http://dummyimage.com/48x48.bmp/ff4444/ffffff', 1);
INSERT INTO `students` VALUES (743, 'Scarlet', 'Toke', 'stokekm@odnoklassniki.ru', 'Yorker International University, Milano', 'http://dummyimage.com/48x48.jpg/ff4444/ffffff', 2);
INSERT INTO `students` VALUES (744, 'Roberta', 'Parmby', 'rparmbykn@marketwatch.com', 'Ekiti State University', 'http://dummyimage.com/48x48.jpg/dddddd/000000', 2);
INSERT INTO `students` VALUES (745, 'Colly', 'Martello', 'cmartelloko@globo.com', 'University of Texas of the Permian Basin', 'http://dummyimage.com/48x48.png/cc0000/ffffff', 2);
INSERT INTO `students` VALUES (746, 'Elberta', 'Danahar', 'edanaharkp@studiopress.com', 'Mid-Sweden University', 'http://dummyimage.com/48x48.bmp/dddddd/000000', 2);
INSERT INTO `students` VALUES (747, 'Lissi', 'Ivanusyev', 'livanusyevkq@intel.com', 'Universidad de la Integración de las Americas (UNI', 'http://dummyimage.com/48x48.png/dddddd/000000', 2);
INSERT INTO `students` VALUES (748, 'Stearn', 'Duran', 'sdurankr@nyu.edu', 'Technical University of Warsaw', 'http://dummyimage.com/48x48.jpg/5fa2dd/ffffff', 1);
INSERT INTO `students` VALUES (749, 'Nell', 'Venmore', 'nvenmoreks@boston.com', 'Jaramogi Oginga Odinga University of Science and T', 'http://dummyimage.com/48x48.png/cc0000/ffffff', 2);
INSERT INTO `students` VALUES (750, 'Myrilla', 'Sincock', 'msincockkt@google.ru', 'Kar University', 'http://dummyimage.com/48x48.bmp/ff4444/ffffff', 2);
INSERT INTO `students` VALUES (751, 'Manny', 'Kobpa', 'mkobpaku@goo.gl', 'Universität der Bundeswehr Hamburg', 'http://dummyimage.com/48x48.bmp/ff4444/ffffff', 1);
INSERT INTO `students` VALUES (752, 'Harlene', 'Adriaan', 'hadriaankv@constantcontact.com', 'Tianjin Academy of Fine Art', 'http://dummyimage.com/48x48.png/5fa2dd/ffffff', 2);
INSERT INTO `students` VALUES (753, 'Lin', 'MacGebenay', 'lmacgebenaykw@freewebs.com', 'Université Catholique de Kabgayi', 'http://dummyimage.com/48x48.bmp/5fa2dd/ffffff', 1);
INSERT INTO `students` VALUES (754, 'Kevina', 'Wozencraft', 'kwozencraftkx@gmpg.org', 'Sindh Madressatul Islam University', 'http://dummyimage.com/48x48.png/5fa2dd/ffffff', 2);
INSERT INTO `students` VALUES (755, 'Gisele', 'Dancy', 'gdancyky@walmart.com', 'Fachhochschule Biberach, Hochschule für Bauwesen u', 'http://dummyimage.com/48x48.jpg/dddddd/000000', 2);
INSERT INTO `students` VALUES (756, 'Mendy', 'Mcettrick', 'mmcettrickkz@hostgator.com', 'Institut Supérieur d\'Agriculture Lille', 'http://dummyimage.com/48x48.bmp/dddddd/000000', 1);
INSERT INTO `students` VALUES (757, 'Pembroke', 'Pranger', 'pprangerl0@sbwire.com', 'College of St. Scholastica', 'http://dummyimage.com/48x48.jpg/ff4444/ffffff', 1);
INSERT INTO `students` VALUES (758, 'Melonie', 'Brasher', 'mbrasherl1@statcounter.com', 'Dutch University Institute for Art History (DUIA)', 'http://dummyimage.com/48x48.png/cc0000/ffffff', 2);
INSERT INTO `students` VALUES (759, 'Rosalind', 'Salla', 'rsallal2@barnesandnoble.com', 'Frostburg State University', 'http://dummyimage.com/48x48.bmp/5fa2dd/ffffff', 2);
INSERT INTO `students` VALUES (760, 'Kendal', 'Orrah', 'korrahl3@about.com', 'Zhejiang Normal University', 'http://dummyimage.com/48x48.png/dddddd/000000', 1);
INSERT INTO `students` VALUES (761, 'Analise', 'Barrington', 'abarringtonl4@unc.edu', 'University of Nottingham, Malaysia Campus', 'http://dummyimage.com/48x48.bmp/dddddd/000000', 2);
INSERT INTO `students` VALUES (762, 'Sharl', 'Woolsey', 'swoolseyl5@tmall.com', 'Tumaini University - Iringa University College', 'http://dummyimage.com/48x48.bmp/dddddd/000000', 2);
INSERT INTO `students` VALUES (763, 'Kellen', 'Feilden', 'kfeildenl6@posterous.com', 'National Hualien Teachers College', 'http://dummyimage.com/48x48.jpg/cc0000/ffffff', 1);
INSERT INTO `students` VALUES (764, 'Torr', 'Ramshay', 'tramshayl7@adobe.com', 'Hsuan Chuang University', 'http://dummyimage.com/48x48.png/5fa2dd/ffffff', 1);
INSERT INTO `students` VALUES (765, 'Lauren', 'Neilan', 'lneilanl8@upenn.edu', 'Tokyo Institute of Polytechnics', 'http://dummyimage.com/48x48.bmp/dddddd/000000', 1);
INSERT INTO `students` VALUES (766, 'Eldridge', 'Ridel', 'eridell9@un.org', 'National University of Ostroh Academy', 'http://dummyimage.com/48x48.bmp/cc0000/ffffff', 1);
INSERT INTO `students` VALUES (767, 'Tripp', 'Klimes', 'tklimesla@skype.com', 'University of Swaziland', 'http://dummyimage.com/48x48.png/5fa2dd/ffffff', 1);
INSERT INTO `students` VALUES (768, 'Leonelle', 'Ludl', 'lludllb@ca.gov', 'Vologda State Pedagogical University', 'http://dummyimage.com/48x48.bmp/dddddd/000000', 2);
INSERT INTO `students` VALUES (769, 'Darrelle', 'Garraway', 'dgarrawaylc@npr.org', 'Tajik Agrarian University', 'http://dummyimage.com/48x48.png/dddddd/000000', 2);
INSERT INTO `students` VALUES (770, 'Debera', 'Nigh', 'dnighld@cmu.edu', 'Textile Institute of Pakistan', 'http://dummyimage.com/48x48.jpg/dddddd/000000', 2);
INSERT INTO `students` VALUES (771, 'Angelika', 'Ducker', 'aduckerle@t-online.de', 'Aarhus School of Architecture', 'http://dummyimage.com/48x48.png/5fa2dd/ffffff', 2);
INSERT INTO `students` VALUES (772, 'Krystalle', 'Oultram', 'koultramlf@washington.edu', 'Universitat de Barcelona', 'http://dummyimage.com/48x48.jpg/ff4444/ffffff', 2);
INSERT INTO `students` VALUES (773, 'Brit', 'Blain', 'bblainlg@xing.com', 'University College of Technology & Innovation (UCT', 'http://dummyimage.com/48x48.jpg/dddddd/000000', 1);
INSERT INTO `students` VALUES (774, 'Carlyle', 'Langstone', 'clangstonelh@vinaora.com', 'Université de Toliary', 'http://dummyimage.com/48x48.jpg/ff4444/ffffff', 1);
INSERT INTO `students` VALUES (775, 'Krissie', 'Ready', 'kreadyli@columbia.edu', 'Royal Free Hospital School of Medicine, University', 'http://dummyimage.com/48x48.bmp/dddddd/000000', 2);
INSERT INTO `students` VALUES (776, 'Monah', 'McKinnon', 'mmckinnonlj@naver.com', 'Universidad Libre de Costa Rica', 'http://dummyimage.com/48x48.jpg/cc0000/ffffff', 2);
INSERT INTO `students` VALUES (777, 'Karlen', 'Jamblin', 'kjamblinlk@guardian.co.uk', 'Hashemite University', 'http://dummyimage.com/48x48.jpg/cc0000/ffffff', 2);
INSERT INTO `students` VALUES (778, 'Cammie', 'Gitsham', 'cgitshamll@abc.net.au', 'Kumamoto University', 'http://dummyimage.com/48x48.bmp/5fa2dd/ffffff', 2);
INSERT INTO `students` VALUES (779, 'Kathye', 'Wicklen', 'kwicklenlm@imgur.com', 'Nebraska Methodist College of Nursing and Allied H', 'http://dummyimage.com/48x48.png/ff4444/ffffff', 2);
INSERT INTO `students` VALUES (780, 'Lauree', 'Larwell', 'llarwellln@pcworld.com', 'Wayo Women\'s University', 'http://dummyimage.com/48x48.png/cc0000/ffffff', 2);
INSERT INTO `students` VALUES (781, 'Cam', 'Labrone', 'clabronelo@reddit.com', 'Mount Saint Vincent University', 'http://dummyimage.com/48x48.png/ff4444/ffffff', 2);
INSERT INTO `students` VALUES (782, 'Brandise', 'Autry', 'bautrylp@twitpic.com', 'Huron University USA in London', 'http://dummyimage.com/48x48.png/5fa2dd/ffffff', 2);
INSERT INTO `students` VALUES (783, 'Ivor', 'Finkle', 'ifinklelq@vimeo.com', 'LungHwa University of Science and Technology', 'http://dummyimage.com/48x48.jpg/5fa2dd/ffffff', 1);
INSERT INTO `students` VALUES (784, 'Winny', 'Barsham', 'wbarshamlr@dailymotion.com', 'Samara State Academy of Architecture and Civil Eng', 'http://dummyimage.com/48x48.jpg/dddddd/000000', 1);
INSERT INTO `students` VALUES (785, 'Morten', 'Mullis', 'mmullisls@redcross.org', 'Agricultural University of Cracow', 'http://dummyimage.com/48x48.png/ff4444/ffffff', 1);
INSERT INTO `students` VALUES (786, 'Mohammed', 'Scole', 'mscolelt@patch.com', 'Surgut State University', 'http://dummyimage.com/48x48.bmp/cc0000/ffffff', 1);
INSERT INTO `students` VALUES (787, 'Gabie', 'Steel', 'gsteellu@google.nl', 'Aichi Bunkyo University', 'http://dummyimage.com/48x48.jpg/5fa2dd/ffffff', 2);
INSERT INTO `students` VALUES (788, 'Avrom', 'Kilsby', 'akilsbylv@list-manage.com', 'Central China Normal University', 'http://dummyimage.com/48x48.png/5fa2dd/ffffff', 1);
INSERT INTO `students` VALUES (789, 'Charlene', 'Kendred', 'ckendredlw@uol.com.br', 'Lausanne Hotel School (EHL)', 'http://dummyimage.com/48x48.png/dddddd/000000', 2);
INSERT INTO `students` VALUES (790, 'Jenna', 'Popley', 'jpopleylx@shinystat.com', 'The Juilliard School', 'http://dummyimage.com/48x48.bmp/ff4444/ffffff', 2);
INSERT INTO `students` VALUES (791, 'Olwen', 'Gerrell', 'ogerrellly@eepurl.com', 'Blackburn College', 'http://dummyimage.com/48x48.png/cc0000/ffffff', 2);
INSERT INTO `students` VALUES (792, 'Cleo', 'Bowery', 'cbowerylz@chronoengine.com', 'Harvard University', 'http://dummyimage.com/48x48.png/dddddd/000000', 2);
INSERT INTO `students` VALUES (793, 'Aldwin', 'Graffham', 'agraffhamm0@moonfruit.com', 'Southeastern Baptist College', 'http://dummyimage.com/48x48.bmp/cc0000/ffffff', 1);
INSERT INTO `students` VALUES (794, 'Ileana', 'Ronchi', 'ironchim1@g.co', 'Nagoya University of Foreign Studies', 'http://dummyimage.com/48x48.bmp/5fa2dd/ffffff', 2);
INSERT INTO `students` VALUES (795, 'Ludovika', 'Ladbury', 'lladburym2@uol.com.br', 'Moscow State University M.V. Lomonosov', 'http://dummyimage.com/48x48.png/5fa2dd/ffffff', 2);
INSERT INTO `students` VALUES (796, 'Kailey', 'Dory', 'kdorym3@last.fm', 'Institute of Teachers Education, Tun Hussein Onn', 'http://dummyimage.com/48x48.jpg/5fa2dd/ffffff', 2);
INSERT INTO `students` VALUES (797, 'Elsie', 'Bishopp', 'ebishoppm4@smugmug.com', 'Sri Ramachardra Medical College and Research Insti', 'http://dummyimage.com/48x48.png/dddddd/000000', 2);
INSERT INTO `students` VALUES (798, 'Udale', 'O\'Cannavan', 'uocannavanm5@bbc.co.uk', 'Aurora University', 'http://dummyimage.com/48x48.jpg/cc0000/ffffff', 1);
INSERT INTO `students` VALUES (799, 'Elvera', 'Stute', 'estutem6@godaddy.com', 'Universitas Yarsi', 'http://dummyimage.com/48x48.jpg/ff4444/ffffff', 2);
INSERT INTO `students` VALUES (800, 'Duffy', 'Risbridge', 'drisbridgem7@alibaba.com', 'Northern University Bangladesh', 'http://dummyimage.com/48x48.jpg/5fa2dd/ffffff', 1);
INSERT INTO `students` VALUES (801, 'Chrisy', 'Yitzowitz', 'cyitzowitzm8@oakley.com', 'Moi University', 'http://dummyimage.com/48x48.bmp/dddddd/000000', 1);
INSERT INTO `students` VALUES (802, 'Aubry', 'Reppaport', 'areppaportm9@behance.net', 'University of Chemical Technology and Metallurgy', 'http://dummyimage.com/48x48.png/cc0000/ffffff', 2);
INSERT INTO `students` VALUES (803, 'Thibaud', 'Exon', 'texonma@wiley.com', 'Privredna Akademija (Business Academy)', 'http://dummyimage.com/48x48.jpg/ff4444/ffffff', 1);
INSERT INTO `students` VALUES (804, 'Tony', 'Rosenfelder', 'trosenfeldermb@uiuc.edu', 'Universidad Autonoma del Sur', 'http://dummyimage.com/48x48.jpg/dddddd/000000', 2);
INSERT INTO `students` VALUES (805, 'Holt', 'Bawle', 'hbawlemc@phpbb.com', 'University of Nevada - Reno', 'http://dummyimage.com/48x48.jpg/dddddd/000000', 1);
INSERT INTO `students` VALUES (806, 'Neddie', 'Vankeev', 'nvankeevmd@bloomberg.com', 'Universidad Central', 'http://dummyimage.com/48x48.jpg/ff4444/ffffff', 1);
INSERT INTO `students` VALUES (807, 'Ganny', 'Hubbucke', 'ghubbuckeme@gravatar.com', 'Izmir Economic University', 'http://dummyimage.com/48x48.jpg/5fa2dd/ffffff', 1);
INSERT INTO `students` VALUES (808, 'Lion', 'Josipovic', 'ljosipovicmf@twitpic.com', 'Luzhou Medical College', 'http://dummyimage.com/48x48.png/cc0000/ffffff', 1);
INSERT INTO `students` VALUES (809, 'Estrella', 'Garnam', 'egarnammg@facebook.com', 'Universidad del Turismo', 'http://dummyimage.com/48x48.png/dddddd/000000', 2);
INSERT INTO `students` VALUES (810, 'Kaila', 'Summerley', 'ksummerleymh@sphinn.com', 'Gujarat Technological University Ahmedabad', 'http://dummyimage.com/48x48.jpg/ff4444/ffffff', 2);
INSERT INTO `students` VALUES (811, 'Gusti', 'Seefeldt', 'gseefeldtmi@ustream.tv', 'Southern Connecticut State University', 'http://dummyimage.com/48x48.bmp/ff4444/ffffff', 2);
INSERT INTO `students` VALUES (812, 'Kassey', 'Dunklee', 'kdunkleemj@goo.gl', 'Nebraska Wesleyan University', 'http://dummyimage.com/48x48.bmp/dddddd/000000', 2);
INSERT INTO `students` VALUES (813, 'Murdoch', 'De Benedictis', 'mdebenedictismk@goo.ne.jp', 'Universitas Pelita Harapan', 'http://dummyimage.com/48x48.png/ff4444/ffffff', 1);
INSERT INTO `students` VALUES (814, 'Allard', 'Schruyer', 'aschruyerml@slate.com', 'Universidade Federal do Espírito Santo', 'http://dummyimage.com/48x48.jpg/cc0000/ffffff', 1);
INSERT INTO `students` VALUES (815, 'Natalina', 'Kiossel', 'nkiosselmm@google.co.jp', 'Tyumen State University of Gas and Oil', 'http://dummyimage.com/48x48.jpg/cc0000/ffffff', 2);
INSERT INTO `students` VALUES (816, 'Veronica', 'Bickell', 'vbickellmn@stanford.edu', 'Institute of Teachers Education, Penang', 'http://dummyimage.com/48x48.jpg/5fa2dd/ffffff', 2);
INSERT INTO `students` VALUES (817, 'Brigit', 'Matton', 'bmattonmo@alibaba.com', 'National Institute of Industrial Engineering', 'http://dummyimage.com/48x48.bmp/ff4444/ffffff', 2);
INSERT INTO `students` VALUES (818, 'Myrwyn', 'McCaskell', 'mmccaskellmp@github.com', 'The Interdisciplinary Center Herzliya', 'http://dummyimage.com/48x48.jpg/dddddd/000000', 1);
INSERT INTO `students` VALUES (819, 'Kylen', 'Tudbald', 'ktudbaldmq@technorati.com', 'Foundation University', 'http://dummyimage.com/48x48.png/dddddd/000000', 2);
INSERT INTO `students` VALUES (820, 'Bradan', 'Pennick', 'bpennickmr@examiner.com', 'Fairleigh Dickinson University, Teaneck-Hackensack', 'http://dummyimage.com/48x48.jpg/cc0000/ffffff', 1);
INSERT INTO `students` VALUES (821, 'Clo', 'Lascell', 'clascellms@bizjournals.com', 'Amrita Vishwa Vidyapeetham (Deemed University)', 'http://dummyimage.com/48x48.bmp/dddddd/000000', 2);
INSERT INTO `students` VALUES (822, 'Korella', 'Heatlie', 'kheatliemt@so-net.ne.jp', 'Magadh University', 'http://dummyimage.com/48x48.bmp/5fa2dd/ffffff', 2);
INSERT INTO `students` VALUES (823, 'Ewell', 'McGannon', 'emcgannonmu@mozilla.com', 'Simpson College Iowa', 'http://dummyimage.com/48x48.jpg/dddddd/000000', 1);
INSERT INTO `students` VALUES (824, 'Abeu', 'Llewhellin', 'allewhellinmv@foxnews.com', 'Fine Arts Academy Wladyslaw Strzeminski in Lodz', 'http://dummyimage.com/48x48.png/dddddd/000000', 1);
INSERT INTO `students` VALUES (825, 'Bruce', 'McCahey', 'bmccaheymw@livejournal.com', 'Limestone College', 'http://dummyimage.com/48x48.bmp/ff4444/ffffff', 1);
INSERT INTO `students` VALUES (826, 'Avis', 'Denk', 'adenkmx@xinhuanet.com', 'Université Notre Dame d\'Haïti', 'http://dummyimage.com/48x48.png/cc0000/ffffff', 2);
INSERT INTO `students` VALUES (827, 'Charmion', 'Watton', 'cwattonmy@51.la', 'Islamic Azad University, Semnan', 'http://dummyimage.com/48x48.bmp/dddddd/000000', 2);
INSERT INTO `students` VALUES (828, 'Nicoli', 'Puddicombe', 'npuddicombemz@joomla.org', 'Aarhus Technical College', 'http://dummyimage.com/48x48.bmp/cc0000/ffffff', 2);
INSERT INTO `students` VALUES (829, 'Midge', 'Errichiello', 'merrichiellon0@bbb.org', 'Universitas Proklamasi 45', 'http://dummyimage.com/48x48.jpg/dddddd/000000', 2);
INSERT INTO `students` VALUES (830, 'Agustin', 'Milne', 'amilnen1@lycos.com', 'Miyagi Gakuin Women\'s College', 'http://dummyimage.com/48x48.png/ff4444/ffffff', 1);
INSERT INTO `students` VALUES (831, 'Danya', 'Reek', 'dreekn2@php.net', 'Ferrum College', 'http://dummyimage.com/48x48.jpg/cc0000/ffffff', 1);
INSERT INTO `students` VALUES (832, 'Hewet', 'Burgher', 'hburghern3@weather.com', 'Creighton University', 'http://dummyimage.com/48x48.bmp/cc0000/ffffff', 1);
INSERT INTO `students` VALUES (833, 'Fina', 'Fernely', 'ffernelyn4@mapy.cz', 'Canadian Sudanese College', 'http://dummyimage.com/48x48.png/cc0000/ffffff', 2);
INSERT INTO `students` VALUES (834, 'Richard', 'Dyas', 'rdyasn5@marketwatch.com', 'University of Hawaii - West Oahu', 'http://dummyimage.com/48x48.png/cc0000/ffffff', 1);
INSERT INTO `students` VALUES (835, 'Goober', 'McDougle', 'gmcdouglen6@webs.com', 'Cairo University', 'http://dummyimage.com/48x48.jpg/ff4444/ffffff', 1);
INSERT INTO `students` VALUES (836, 'Chaunce', 'McGerraghty', 'cmcgerraghtyn7@vkontakte.ru', 'Ecole Polytechnique Universitaire de Lille', 'http://dummyimage.com/48x48.bmp/dddddd/000000', 1);
INSERT INTO `students` VALUES (837, 'Angelina', 'Coiley', 'acoileyn8@usatoday.com', 'Champlain College', 'http://dummyimage.com/48x48.jpg/cc0000/ffffff', 2);
INSERT INTO `students` VALUES (838, 'Goldia', 'Kezor', 'gkezorn9@pen.io', 'Gyeongsang National University', 'http://dummyimage.com/48x48.bmp/cc0000/ffffff', 2);
INSERT INTO `students` VALUES (839, 'Tiffy', 'Ephgrave', 'tephgravena@youtube.com', 'Ajayi Crowther University', 'http://dummyimage.com/48x48.jpg/ff4444/ffffff', 2);
INSERT INTO `students` VALUES (840, 'Wallache', 'Vanstone', 'wvanstonenb@cbslocal.com', 'Augsburg College', 'http://dummyimage.com/48x48.jpg/dddddd/000000', 1);
INSERT INTO `students` VALUES (841, 'Malia', 'Mandel', 'mmandelnc@mozilla.com', 'Ivanovo State Textile Academy', 'http://dummyimage.com/48x48.jpg/cc0000/ffffff', 2);
INSERT INTO `students` VALUES (842, 'Arabella', 'Connock', 'aconnocknd@state.tx.us', 'Georgia Health Sciences University', 'http://dummyimage.com/48x48.jpg/ff4444/ffffff', 2);
INSERT INTO `students` VALUES (843, 'Abigael', 'Galgey', 'agalgeyne@abc.net.au', 'Theatre Academy Finland', 'http://dummyimage.com/48x48.bmp/dddddd/000000', 2);
INSERT INTO `students` VALUES (844, 'Darb', 'Besnardeau', 'dbesnardeaunf@yellowbook.com', 'Berry College', 'http://dummyimage.com/48x48.jpg/ff4444/ffffff', 1);
INSERT INTO `students` VALUES (845, 'Eustacia', 'L\'Episcopio', 'elepiscopiong@weebly.com', 'Mount Sinai School of Medicine', 'http://dummyimage.com/48x48.bmp/5fa2dd/ffffff', 2);
INSERT INTO `students` VALUES (846, 'Rosaleen', 'Flanne', 'rflannenh@hao123.com', 'Universidad San Juan de la Cruz', 'http://dummyimage.com/48x48.bmp/cc0000/ffffff', 2);
INSERT INTO `students` VALUES (847, 'Zsa zsa', 'Rennock', 'zrennockni@cdc.gov', 'Amber University', 'http://dummyimage.com/48x48.jpg/ff4444/ffffff', 2);
INSERT INTO `students` VALUES (848, 'Weston', 'Cockman', 'wcockmannj@va.gov', 'Cheyney University of Pennsylvania', 'http://dummyimage.com/48x48.bmp/5fa2dd/ffffff', 1);
INSERT INTO `students` VALUES (849, 'Bay', 'Sangar', 'bsangarnk@vistaprint.com', 'Liaocheng Teachers University', 'http://dummyimage.com/48x48.png/5fa2dd/ffffff', 1);
INSERT INTO `students` VALUES (850, 'Linus', 'Bridal', 'lbridalnl@seesaa.net', 'Pacifica Graduate Institute', 'http://dummyimage.com/48x48.bmp/cc0000/ffffff', 1);
INSERT INTO `students` VALUES (851, 'Doro', 'Wrintmore', 'dwrintmorenm@mapquest.com', 'Menoufia University', 'http://dummyimage.com/48x48.png/ff4444/ffffff', 2);
INSERT INTO `students` VALUES (852, 'Vassili', 'Ruger', 'vrugernn@loc.gov', 'Rasmussen College, North Dakota Campuses', 'http://dummyimage.com/48x48.jpg/ff4444/ffffff', 1);
INSERT INTO `students` VALUES (853, 'Saunders', 'Harme', 'sharmeno@japanpost.jp', 'Universidade Federal Rural do Rio de Janeiro', 'http://dummyimage.com/48x48.bmp/cc0000/ffffff', 1);
INSERT INTO `students` VALUES (854, 'Ario', 'Melbourne', 'amelbournenp@51.la', 'Al Hussein Bin Talal University', 'http://dummyimage.com/48x48.bmp/5fa2dd/ffffff', 1);
INSERT INTO `students` VALUES (855, 'Rabbi', 'Severy', 'rseverynq@furl.net', 'Hogeschool West-Vlaanderen (TU)', 'http://dummyimage.com/48x48.png/ff4444/ffffff', 1);
INSERT INTO `students` VALUES (856, 'Erskine', 'Trail', 'etrailnr@jigsy.com', 'Siena Heights University', 'http://dummyimage.com/48x48.bmp/ff4444/ffffff', 1);
INSERT INTO `students` VALUES (857, 'Timmi', 'Brinkler', 'tbrinklerns@youtube.com', 'Yokohama National University', 'http://dummyimage.com/48x48.jpg/5fa2dd/ffffff', 2);
INSERT INTO `students` VALUES (858, 'Gwenni', 'Gasker', 'ggaskernt@newsvine.com', 'West Virginia School of Osteopathic Medicine', 'http://dummyimage.com/48x48.jpg/dddddd/000000', 2);
INSERT INTO `students` VALUES (859, 'Joan', 'Gencke', 'jgenckenu@state.gov', 'Universidad de la Fraternidad de Agrupaciones Sant', 'http://dummyimage.com/48x48.png/cc0000/ffffff', 2);
INSERT INTO `students` VALUES (860, 'Karney', 'Collington', 'kcollingtonnv@usatoday.com', 'Salem University', 'http://dummyimage.com/48x48.jpg/cc0000/ffffff', 1);
INSERT INTO `students` VALUES (861, 'Garvin', 'Umfrey', 'gumfreynw@aboutads.info', 'Universidad Mariano Gálvez', 'http://dummyimage.com/48x48.jpg/ff4444/ffffff', 1);
INSERT INTO `students` VALUES (862, 'Albertina', 'Rockwill', 'arockwillnx@google.es', 'Hsuan Chuang University', 'http://dummyimage.com/48x48.bmp/dddddd/000000', 2);
INSERT INTO `students` VALUES (863, 'Blake', 'Grice', 'bgriceny@hubpages.com', 'Nippon Bunri University', 'http://dummyimage.com/48x48.png/cc0000/ffffff', 1);
INSERT INTO `students` VALUES (864, 'Glenda', 'Brislen', 'gbrislennz@yahoo.co.jp', 'Pennsylvania Academy of the Fine Arts', 'http://dummyimage.com/48x48.bmp/5fa2dd/ffffff', 2);
INSERT INTO `students` VALUES (865, 'Gusta', 'Kersaw', 'gkersawo0@youtube.com', 'ITT Technical Institute Portland', 'http://dummyimage.com/48x48.png/cc0000/ffffff', 2);
INSERT INTO `students` VALUES (866, 'Moe', 'Fant', 'mfanto1@tmall.com', 'Carson-Newman College', 'http://dummyimage.com/48x48.bmp/cc0000/ffffff', 1);
INSERT INTO `students` VALUES (867, 'Vanna', 'Dowglass', 'vdowglasso2@delicious.com', 'Trinity College Carmarthen', 'http://dummyimage.com/48x48.jpg/5fa2dd/ffffff', 2);
INSERT INTO `students` VALUES (868, 'Barnaby', 'Towersey', 'btowerseyo3@gmpg.org', 'Technische Universität München', 'http://dummyimage.com/48x48.png/cc0000/ffffff', 1);
INSERT INTO `students` VALUES (869, 'Che', 'Penas', 'cpenaso4@wisc.edu', 'Universidade Federal do Paraná', 'http://dummyimage.com/48x48.png/cc0000/ffffff', 1);
INSERT INTO `students` VALUES (870, 'Jodie', 'Mor', 'jmoro5@histats.com', 'University of Health Sciences Antigua', 'http://dummyimage.com/48x48.bmp/ff4444/ffffff', 2);
INSERT INTO `students` VALUES (871, 'Kleon', 'Gwillim', 'kgwillimo6@shop-pro.jp', 'Rice University', 'http://dummyimage.com/48x48.jpg/ff4444/ffffff', 1);
INSERT INTO `students` VALUES (872, 'Hadley', 'Schulkins', 'hschulkinso7@arizona.edu', 'Prasetiya Mulya Business School', 'http://dummyimage.com/48x48.jpg/ff4444/ffffff', 1);
INSERT INTO `students` VALUES (873, 'Ramon', 'Abrahamsen', 'rabrahamseno8@psu.edu', 'Hirosaki Gakuin University', 'http://dummyimage.com/48x48.jpg/cc0000/ffffff', 1);
INSERT INTO `students` VALUES (874, 'Stanwood', 'Nimmo', 'snimmoo9@techcrunch.com', 'King Khaled University', 'http://dummyimage.com/48x48.png/5fa2dd/ffffff', 1);
INSERT INTO `students` VALUES (875, 'Vida', 'Cordeau', 'vcordeauoa@miitbeian.gov.cn', 'Bishop\'s University', 'http://dummyimage.com/48x48.png/dddddd/000000', 2);
INSERT INTO `students` VALUES (876, 'Tanitansy', 'McCulloch', 'tmccullochob@si.edu', 'Université de Sétif', 'http://dummyimage.com/48x48.jpg/ff4444/ffffff', 2);
INSERT INTO `students` VALUES (877, 'Charis', 'Culkin', 'cculkinoc@photobucket.com', 'Rhodes University', 'http://dummyimage.com/48x48.png/dddddd/000000', 2);
INSERT INTO `students` VALUES (878, 'Scotti', 'Taw', 'stawod@rakuten.co.jp', 'Hope Africa University', 'http://dummyimage.com/48x48.bmp/ff4444/ffffff', 1);
INSERT INTO `students` VALUES (879, 'Rorie', 'Giacomasso', 'rgiacomassooe@123-reg.co.uk', 'San Diego State University', 'http://dummyimage.com/48x48.png/dddddd/000000', 2);
INSERT INTO `students` VALUES (880, 'Zane', 'Twelve', 'ztwelveof@wired.com', 'Concordia University, River Forest', 'http://dummyimage.com/48x48.png/cc0000/ffffff', 1);
INSERT INTO `students` VALUES (881, 'Edouard', 'MacKilroe', 'emackilroeog@eepurl.com', 'Osaka International University', 'http://dummyimage.com/48x48.bmp/dddddd/000000', 1);
INSERT INTO `students` VALUES (882, 'Angelico', 'Gardener', 'agardeneroh@usa.gov', 'Eastern University of Sri Lanka', 'http://dummyimage.com/48x48.png/5fa2dd/ffffff', 1);
INSERT INTO `students` VALUES (883, 'Welch', 'Graser', 'wgraseroi@cdc.gov', 'Monmouth University', 'http://dummyimage.com/48x48.jpg/ff4444/ffffff', 1);
INSERT INTO `students` VALUES (884, 'Rooney', 'Cordeux', 'rcordeuxoj@studiopress.com', 'Converse College', 'http://dummyimage.com/48x48.png/ff4444/ffffff', 1);
INSERT INTO `students` VALUES (885, 'Tull', 'Gary', 'tgaryok@creativecommons.org', 'State University of New York College at Potsdam', 'http://dummyimage.com/48x48.jpg/dddddd/000000', 1);
INSERT INTO `students` VALUES (886, 'Vinnie', 'Lingner', 'vlingnerol@telegraph.co.uk', 'University of Pula', 'http://dummyimage.com/48x48.png/cc0000/ffffff', 1);
INSERT INTO `students` VALUES (887, 'Haily', 'Sandom', 'hsandomom@t-online.de', 'Royal College of Art', 'http://dummyimage.com/48x48.bmp/5fa2dd/ffffff', 2);
INSERT INTO `students` VALUES (888, 'Marven', 'McNicol', 'mmcnicolon@ehow.com', 'Ohka Gakuen University', 'http://dummyimage.com/48x48.png/dddddd/000000', 1);
INSERT INTO `students` VALUES (889, 'Anna-diane', 'Moncrefe', 'amoncrefeoo@google.de', 'Hainan University', 'http://dummyimage.com/48x48.bmp/5fa2dd/ffffff', 2);
INSERT INTO `students` VALUES (890, 'Dana', 'Towse', 'dtowseop@1und1.de', 'Universitas Negeri Makassar', 'http://dummyimage.com/48x48.jpg/cc0000/ffffff', 2);
INSERT INTO `students` VALUES (891, 'Dionysus', 'Satterley', 'dsatterleyoq@bing.com', 'Universitas Janabadra', 'http://dummyimage.com/48x48.png/cc0000/ffffff', 1);
INSERT INTO `students` VALUES (892, 'Jeramie', 'Gersam', 'jgersamor@chron.com', 'Tashkent Institute of Irrigation and Melioration', 'http://dummyimage.com/48x48.png/dddddd/000000', 1);
INSERT INTO `students` VALUES (893, 'Hollis', 'Kasher', 'hkasheros@marketwatch.com', 'Islamic Azad University, Qazvin', 'http://dummyimage.com/48x48.jpg/cc0000/ffffff', 1);
INSERT INTO `students` VALUES (894, 'Cristi', 'Duell', 'cduellot@histats.com', 'Universitat Jaume I de Castellón', 'http://dummyimage.com/48x48.png/cc0000/ffffff', 2);
INSERT INTO `students` VALUES (895, 'Serge', 'Monkman', 'smonkmanou@google.co.jp', 'University of Missouri - Saint Louis', 'http://dummyimage.com/48x48.bmp/dddddd/000000', 1);
INSERT INTO `students` VALUES (896, 'Ax', 'Bartolommeo', 'abartolommeoov@hostgator.com', 'Case Western Reserve University', 'http://dummyimage.com/48x48.bmp/dddddd/000000', 1);
INSERT INTO `students` VALUES (897, 'Kyle', 'Pettinger', 'kpettingerow@elegantthemes.com', 'Prasetiya Mulya Business School', 'http://dummyimage.com/48x48.png/cc0000/ffffff', 2);
INSERT INTO `students` VALUES (898, 'Breanne', 'Calderhead', 'bcalderheadox@ow.ly', 'National Taiwan College of Arts', 'http://dummyimage.com/48x48.bmp/5fa2dd/ffffff', 2);
INSERT INTO `students` VALUES (899, 'Jean', 'Hazeldene', 'jhazeldeneoy@acquirethisname.com', 'Cleveland Institute of Music', 'http://dummyimage.com/48x48.jpg/5fa2dd/ffffff', 1);
INSERT INTO `students` VALUES (900, 'Hillyer', 'Tym', 'htymoz@omniture.com', 'University of Southern California', 'http://dummyimage.com/48x48.bmp/cc0000/ffffff', 1);
INSERT INTO `students` VALUES (901, 'Herbert', 'Sterling', 'hsterlingp0@thetimes.co.uk', 'Chongqing University of Post and Telecommunication', 'http://dummyimage.com/48x48.jpg/ff4444/ffffff', 1);
INSERT INTO `students` VALUES (902, 'Kahaleel', 'Scorthorne', 'kscorthornep1@yale.edu', 'Kemerovo State University', 'http://dummyimage.com/48x48.bmp/dddddd/000000', 1);
INSERT INTO `students` VALUES (903, 'Courtney', 'Allatt', 'callattp2@gnu.org', 'State University of New York (SUNY)', 'http://dummyimage.com/48x48.png/cc0000/ffffff', 1);
INSERT INTO `students` VALUES (904, 'Demetrius', 'Phizakarley', 'dphizakarleyp3@blogger.com', 'Universitas Mulawarman', 'http://dummyimage.com/48x48.png/cc0000/ffffff', 1);
INSERT INTO `students` VALUES (905, 'Gigi', 'Turtle', 'gturtlep4@booking.com', 'Tzu Chi College of Medicine and Humanities', 'http://dummyimage.com/48x48.png/cc0000/ffffff', 2);
INSERT INTO `students` VALUES (906, 'Melvyn', 'Kleinhandler', 'mkleinhandlerp5@blogs.com', 'Myanmar Aerospace Engineering University', 'http://dummyimage.com/48x48.bmp/ff4444/ffffff', 1);
INSERT INTO `students` VALUES (907, 'Bethanne', 'Rabbitt', 'brabbittp6@51.la', 'Central Christian College of the Bible', 'http://dummyimage.com/48x48.png/5fa2dd/ffffff', 2);
INSERT INTO `students` VALUES (908, 'Ingra', 'Archibald', 'iarchibaldp7@sbwire.com', 'Michael Okpara University of Agriculture', 'http://dummyimage.com/48x48.bmp/dddddd/000000', 1);
INSERT INTO `students` VALUES (909, 'Stanford', 'Myers', 'smyersp8@blinklist.com', 'Tokyo Medical and Dental University', 'http://dummyimage.com/48x48.bmp/dddddd/000000', 1);
INSERT INTO `students` VALUES (910, 'Winnie', 'Banasevich', 'wbanasevichp9@archive.org', 'Petronas Technology University', 'http://dummyimage.com/48x48.png/ff4444/ffffff', 2);
INSERT INTO `students` VALUES (911, 'Trent', 'Lecky', 'tleckypa@com.com', 'Universidade de São Paulo', 'http://dummyimage.com/48x48.png/cc0000/ffffff', 1);
INSERT INTO `students` VALUES (912, 'Harper', 'Stukings', 'hstukingspb@unesco.org', 'Universität Augsburg', 'http://dummyimage.com/48x48.bmp/dddddd/000000', 1);
INSERT INTO `students` VALUES (913, 'Loella', 'Abbess', 'labbesspc@seesaa.net', 'Universitat de Vic', 'http://dummyimage.com/48x48.jpg/ff4444/ffffff', 2);
INSERT INTO `students` VALUES (914, 'Avram', 'Puddicombe', 'apuddicombepd@nasa.gov', 'University of South Alabama', 'http://dummyimage.com/48x48.png/cc0000/ffffff', 1);
INSERT INTO `students` VALUES (915, 'Udale', 'Bainbrigge', 'ubainbriggepe@ucoz.ru', 'University of Southern Indiana', 'http://dummyimage.com/48x48.png/dddddd/000000', 1);
INSERT INTO `students` VALUES (916, 'Sonja', 'Netting', 'snettingpf@mapy.cz', 'Wentworth Institute of Technology', 'http://dummyimage.com/48x48.jpg/dddddd/000000', 2);
INSERT INTO `students` VALUES (917, 'Arte', 'Coles', 'acolespg@e-recht24.de', 'Universidade de Coimbra', 'http://dummyimage.com/48x48.png/dddddd/000000', 1);
INSERT INTO `students` VALUES (918, 'Rayna', 'Conneely', 'rconneelyph@japanpost.jp', 'Institut National Polytechnique de Toulouse', 'http://dummyimage.com/48x48.jpg/cc0000/ffffff', 2);
INSERT INTO `students` VALUES (919, 'Cammie', 'Placidi', 'cplacidipi@nydailynews.com', 'Institut National Supérieur de Formation Agro-Alim', 'http://dummyimage.com/48x48.jpg/ff4444/ffffff', 2);
INSERT INTO `students` VALUES (920, 'Gerladina', 'Fairney', 'gfairneypj@seesaa.net', 'Law University of Bratislava', 'http://dummyimage.com/48x48.png/5fa2dd/ffffff', 2);
INSERT INTO `students` VALUES (921, 'Amy', 'Churchley', 'achurchleypk@ebay.co.uk', 'Universidad Francisco de Vitoria', 'http://dummyimage.com/48x48.jpg/dddddd/000000', 2);
INSERT INTO `students` VALUES (922, 'Kalina', 'Stratley', 'kstratleypl@geocities.jp', 'Ivanovo State Power University', 'http://dummyimage.com/48x48.bmp/ff4444/ffffff', 2);
INSERT INTO `students` VALUES (923, 'Annamarie', 'Magnay', 'amagnaypm@odnoklassniki.ru', 'National Chiayi University', 'http://dummyimage.com/48x48.png/cc0000/ffffff', 2);
INSERT INTO `students` VALUES (924, 'Helge', 'Boosey', 'hbooseypn@github.io', 'University of King\'s College', 'http://dummyimage.com/48x48.bmp/ff4444/ffffff', 2);
INSERT INTO `students` VALUES (925, 'Tod', 'Bilham', 'tbilhampo@exblog.jp', 'Maxim Gorky Institute of Literature', 'http://dummyimage.com/48x48.jpg/cc0000/ffffff', 1);
INSERT INTO `students` VALUES (926, 'Annora', 'Andrus', 'aandruspp@wikipedia.org', 'Tokyo International University', 'http://dummyimage.com/48x48.bmp/5fa2dd/ffffff', 2);
INSERT INTO `students` VALUES (927, 'Baxie', 'Buscombe', 'bbuscombepq@paypal.com', 'Instituto Superior de Paços de Brandão', 'http://dummyimage.com/48x48.png/ff4444/ffffff', 1);
INSERT INTO `students` VALUES (928, 'Margery', 'Moller', 'mmollerpr@networksolutions.com', 'Taiyuan University of Technology', 'http://dummyimage.com/48x48.jpg/cc0000/ffffff', 2);
INSERT INTO `students` VALUES (929, 'Maia', 'Leyman', 'mleymanps@google.co.uk', 'CETYS Universidad', 'http://dummyimage.com/48x48.png/ff4444/ffffff', 2);
INSERT INTO `students` VALUES (930, 'Andros', 'Kures', 'akurespt@shareasale.com', 'The Federal Polytechnic Offa', 'http://dummyimage.com/48x48.jpg/cc0000/ffffff', 1);
INSERT INTO `students` VALUES (931, 'Bondy', 'Avis', 'bavispu@cbsnews.com', 'Tashkent Islam University', 'http://dummyimage.com/48x48.jpg/dddddd/000000', 1);
INSERT INTO `students` VALUES (932, 'Barbara', 'Dakhno', 'bdakhnopv@example.com', 'Gdansk Management College', 'http://dummyimage.com/48x48.jpg/ff4444/ffffff', 2);
INSERT INTO `students` VALUES (933, 'Dalis', 'Berthod', 'dberthodpw@psu.edu', 'Ateneo de Manila University', 'http://dummyimage.com/48x48.png/cc0000/ffffff', 1);
INSERT INTO `students` VALUES (934, 'Marie-ann', 'Merck', 'mmerckpx@sfgate.com', 'Central Christian College of the Bible', 'http://dummyimage.com/48x48.bmp/dddddd/000000', 2);
INSERT INTO `students` VALUES (935, 'Appolonia', 'Stathor', 'astathorpy@netlog.com', 'Ternopil Academy of National Economy', 'http://dummyimage.com/48x48.jpg/ff4444/ffffff', 2);
INSERT INTO `students` VALUES (936, 'Northrop', 'Cosford', 'ncosfordpz@flickr.com', 'Higher School o Business/National Louis University', 'http://dummyimage.com/48x48.jpg/dddddd/000000', 1);
INSERT INTO `students` VALUES (937, 'Mikkel', 'Supple', 'msuppleq0@simplemachines.org', 'Universidad Femenina del Sagrado Corazón', 'http://dummyimage.com/48x48.png/cc0000/ffffff', 1);
INSERT INTO `students` VALUES (938, 'Rinaldo', 'Tibols', 'rtibolsq1@technorati.com', 'Central Police University', 'http://dummyimage.com/48x48.bmp/dddddd/000000', 1);
INSERT INTO `students` VALUES (939, 'Lauren', 'Kitchingman', 'lkitchingmanq2@tripod.com', 'Damascus University', 'http://dummyimage.com/48x48.bmp/cc0000/ffffff', 1);
INSERT INTO `students` VALUES (940, 'Meredithe', 'Collimore', 'mcollimoreq3@delicious.com', 'University of Tampere', 'http://dummyimage.com/48x48.bmp/ff4444/ffffff', 2);
INSERT INTO `students` VALUES (941, 'Lucy', 'Oldale', 'loldaleq4@reverbnation.com', 'Occidental College', 'http://dummyimage.com/48x48.bmp/cc0000/ffffff', 2);
INSERT INTO `students` VALUES (942, 'Roy', 'Tenny', 'rtennyq5@istockphoto.com', 'Universität Vienna', 'http://dummyimage.com/48x48.jpg/ff4444/ffffff', 1);
INSERT INTO `students` VALUES (943, 'Alisa', 'Blondelle', 'ablondelleq6@themeforest.net', 'Metropolitan State University', 'http://dummyimage.com/48x48.bmp/cc0000/ffffff', 2);
INSERT INTO `students` VALUES (944, 'Zerk', 'Claesens', 'zclaesensq7@google.it', 'Illinois College of Optometry', 'http://dummyimage.com/48x48.jpg/ff4444/ffffff', 1);
INSERT INTO `students` VALUES (945, 'Zebulon', 'Poundsford', 'zpoundsfordq8@furl.net', 'Shenyang Institute of Chemical Technology', 'http://dummyimage.com/48x48.bmp/dddddd/000000', 1);
INSERT INTO `students` VALUES (946, 'Haroun', 'Ciciura', 'hciciuraq9@yandex.ru', 'Wheeling Jesuit University', 'http://dummyimage.com/48x48.png/dddddd/000000', 1);
INSERT INTO `students` VALUES (947, 'Rafaello', 'Spenclay', 'rspenclayqa@simplemachines.org', 'Pyramid Education Center', 'http://dummyimage.com/48x48.jpg/cc0000/ffffff', 1);
INSERT INTO `students` VALUES (948, 'Roseline', 'Matitiaho', 'rmatitiahoqb@shareasale.com', 'Polytechnic University', 'http://dummyimage.com/48x48.bmp/5fa2dd/ffffff', 2);
INSERT INTO `students` VALUES (949, 'Corney', 'Grenshiels', 'cgrenshielsqc@ehow.com', 'Bangladesh University of Business & Technology', 'http://dummyimage.com/48x48.png/5fa2dd/ffffff', 1);
INSERT INTO `students` VALUES (950, 'Tate', 'Whiting', 'twhitingqd@nationalgeographic.com', 'Kazan State Music Conservatory', 'http://dummyimage.com/48x48.png/cc0000/ffffff', 1);
INSERT INTO `students` VALUES (951, 'Gayelord', 'Barnard', 'gbarnardqe@amazon.com', 'Sri Sathya Sai Institute of Higher Learning', 'http://dummyimage.com/48x48.png/ff4444/ffffff', 1);
INSERT INTO `students` VALUES (952, 'Jobie', 'Burrells', 'jburrellsqf@ted.com', 'Iqra University', 'http://dummyimage.com/48x48.png/dddddd/000000', 2);
INSERT INTO `students` VALUES (953, 'Lynsey', 'Guttridge', 'lguttridgeqg@altervista.org', 'National Fisheries University', 'http://dummyimage.com/48x48.jpg/5fa2dd/ffffff', 2);
INSERT INTO `students` VALUES (954, 'Timoteo', 'Redpath', 'tredpathqh@indiegogo.com', 'Air Force Institute of Technology', 'http://dummyimage.com/48x48.jpg/cc0000/ffffff', 1);
INSERT INTO `students` VALUES (955, 'Antone', 'Myall', 'amyallqi@google.de', 'Kyoto University of Art and Design', 'http://dummyimage.com/48x48.jpg/ff4444/ffffff', 1);
INSERT INTO `students` VALUES (956, 'Nonnah', 'Shimwall', 'nshimwallqj@marriott.com', 'Chongqing University of Technology', 'http://dummyimage.com/48x48.jpg/ff4444/ffffff', 2);
INSERT INTO `students` VALUES (957, 'Reggis', 'Mingo', 'rmingoqk@foxnews.com', 'University of Houston, Downtown', 'http://dummyimage.com/48x48.png/5fa2dd/ffffff', 1);
INSERT INTO `students` VALUES (958, 'Anny', 'Dutson', 'adutsonql@jimdo.com', 'European School of Economics', 'http://dummyimage.com/48x48.png/ff4444/ffffff', 2);
INSERT INTO `students` VALUES (959, 'Goldarina', 'Giottoi', 'ggiottoiqm@noaa.gov', 'University of Szczecin', 'http://dummyimage.com/48x48.jpg/5fa2dd/ffffff', 2);
INSERT INTO `students` VALUES (960, 'Nerty', 'Castree', 'ncastreeqn@huffingtonpost.com', 'Colgate University', 'http://dummyimage.com/48x48.bmp/5fa2dd/ffffff', 2);
INSERT INTO `students` VALUES (961, 'Diarmid', 'Winchurch', 'dwinchurchqo@pagesperso-orange.fr', 'Arab American University - Jenin', 'http://dummyimage.com/48x48.bmp/dddddd/000000', 1);
INSERT INTO `students` VALUES (962, 'Orella', 'Vasyunin', 'ovasyuninqp@usatoday.com', 'Beijing University of Chinese Medicine and Pharmac', 'http://dummyimage.com/48x48.jpg/5fa2dd/ffffff', 2);
INSERT INTO `students` VALUES (963, 'Kinna', 'MacHostie', 'kmachostieqq@loc.gov', 'Open University of Cyprus', 'http://dummyimage.com/48x48.jpg/ff4444/ffffff', 2);
INSERT INTO `students` VALUES (964, 'Ervin', 'Zecchinelli', 'ezecchinelliqr@bbc.co.uk', 'Instituto Superior de Entre Douro e Vouga', 'http://dummyimage.com/48x48.jpg/ff4444/ffffff', 1);
INSERT INTO `students` VALUES (965, 'Gram', 'Manion', 'gmanionqs@addtoany.com', 'B. S. Abdur Rahman University', 'http://dummyimage.com/48x48.png/5fa2dd/ffffff', 1);
INSERT INTO `students` VALUES (966, 'Zandra', 'Corkitt', 'zcorkittqt@paypal.com', 'KDI School of Public Policy and Management', 'http://dummyimage.com/48x48.png/ff4444/ffffff', 2);
INSERT INTO `students` VALUES (967, 'Weber', 'Tute', 'wtutequ@discuz.net', 'Universidad Catolica de Temuco', 'http://dummyimage.com/48x48.jpg/ff4444/ffffff', 1);
INSERT INTO `students` VALUES (968, 'Rourke', 'Smalecombe', 'rsmalecombeqv@fc2.com', 'Northern Arizona University', 'http://dummyimage.com/48x48.bmp/5fa2dd/ffffff', 1);
INSERT INTO `students` VALUES (969, 'Candi', 'Knellen', 'cknellenqw@wikimedia.org', 'St. Petersburg State University of Economics and F', 'http://dummyimage.com/48x48.bmp/5fa2dd/ffffff', 2);
INSERT INTO `students` VALUES (970, 'Myer', 'Lowes', 'mlowesqx@yelp.com', 'Université du Droit et de la Sante (Lille II)', 'http://dummyimage.com/48x48.png/dddddd/000000', 1);
INSERT INTO `students` VALUES (971, 'Inge', 'Meecher', 'imeecherqy@ameblo.jp', 'Bastyr University', 'http://dummyimage.com/48x48.bmp/dddddd/000000', 2);
INSERT INTO `students` VALUES (972, 'Carol-jean', 'Stallion', 'cstallionqz@icq.com', 'Ternopil State Ivan Pul\'uj Technical University', 'http://dummyimage.com/48x48.bmp/ff4444/ffffff', 2);
INSERT INTO `students` VALUES (973, 'Otis', 'Cowper', 'ocowperr0@google.fr', 'Institut Supérieur de Commerce et d\'Administration', 'http://dummyimage.com/48x48.jpg/cc0000/ffffff', 1);
INSERT INTO `students` VALUES (974, 'Grove', 'Paprotny', 'gpaprotnyr1@epa.gov', 'University of Tulsa', 'http://dummyimage.com/48x48.bmp/5fa2dd/ffffff', 1);
INSERT INTO `students` VALUES (975, 'Reinhold', 'Quartermain', 'rquartermainr2@weibo.com', 'University of Sargodha', 'http://dummyimage.com/48x48.jpg/ff4444/ffffff', 1);
INSERT INTO `students` VALUES (976, 'Lauraine', 'Franciottoi', 'lfranciottoir3@furl.net', 'Moscow State University of Economics, Statistics a', 'http://dummyimage.com/48x48.bmp/ff4444/ffffff', 2);
INSERT INTO `students` VALUES (977, 'Doe', 'Stobbs', 'dstobbsr4@macromedia.com', 'Katholieke Universiteit Brussel', 'http://dummyimage.com/48x48.jpg/ff4444/ffffff', 2);
INSERT INTO `students` VALUES (978, 'Rosene', 'Braddon', 'rbraddonr5@angelfire.com', 'Surugadai University', 'http://dummyimage.com/48x48.bmp/cc0000/ffffff', 2);
INSERT INTO `students` VALUES (979, 'Yoshi', 'Edinburough', 'yedinburoughr6@businessweek.com', 'University of Nevada - Reno', 'http://dummyimage.com/48x48.jpg/dddddd/000000', 2);
INSERT INTO `students` VALUES (980, 'Coretta', 'Benezeit', 'cbenezeitr7@cbslocal.com', 'Institut des hautes études économiques et commerci', 'http://dummyimage.com/48x48.png/ff4444/ffffff', 2);
INSERT INTO `students` VALUES (981, 'Sofie', 'Leggitt', 'sleggittr8@msn.com', 'Denver Paralegal Institute', 'http://dummyimage.com/48x48.png/ff4444/ffffff', 2);
INSERT INTO `students` VALUES (982, 'Ardra', 'Padkin', 'apadkinr9@godaddy.com', 'University of Northern Washington', 'http://dummyimage.com/48x48.jpg/dddddd/000000', 2);
INSERT INTO `students` VALUES (983, 'Zachery', 'Saladino', 'zsaladinora@time.com', 'University of New South Wales', 'http://dummyimage.com/48x48.png/5fa2dd/ffffff', 1);
INSERT INTO `students` VALUES (984, 'Vittorio', 'Dod', 'vdodrb@so-net.ne.jp', 'Ohio State University - Newark', 'http://dummyimage.com/48x48.jpg/cc0000/ffffff', 1);
INSERT INTO `students` VALUES (985, 'Hymie', 'Harbar', 'hharbarrc@wisc.edu', 'University of Hydraulic Electric Engineering', 'http://dummyimage.com/48x48.bmp/dddddd/000000', 1);
INSERT INTO `students` VALUES (986, 'Windham', 'Adamson', 'wadamsonrd@themeforest.net', 'Voronezh State Academy of Technology', 'http://dummyimage.com/48x48.bmp/dddddd/000000', 1);
INSERT INTO `students` VALUES (987, 'Dukey', 'Leate', 'dleatere@shareasale.com', 'South Carelian Polytechnic', 'http://dummyimage.com/48x48.jpg/5fa2dd/ffffff', 1);
INSERT INTO `students` VALUES (988, 'Jilli', 'Loudian', 'jloudianrf@economist.com', 'Technological University (Monywa)', 'http://dummyimage.com/48x48.png/cc0000/ffffff', 2);
INSERT INTO `students` VALUES (989, 'Stoddard', 'Norwich', 'snorwichrg@whitehouse.gov', 'Universidade Estadual de Feira de Santana', 'http://dummyimage.com/48x48.jpg/dddddd/000000', 2);
INSERT INTO `students` VALUES (990, 'Erny', 'Clelland', 'eclellandrh@nydailynews.com', 'Ecole Nationale Supérieure d\'Electrochimie et d\'El', 'http://dummyimage.com/48x48.jpg/dddddd/000000', 1);
INSERT INTO `students` VALUES (991, 'Denney', 'Sprulls', 'dsprullsri@whitehouse.gov', 'Sabzevar Teacher Training University', 'http://dummyimage.com/48x48.jpg/dddddd/000000', 1);
INSERT INTO `students` VALUES (992, 'Annamarie', 'Costellow', 'acostellowrj@mit.edu', 'National Mining University', 'http://dummyimage.com/48x48.png/cc0000/ffffff', 2);
INSERT INTO `students` VALUES (993, 'Letti', 'Beaulieu', 'lbeaulieurk@bbc.co.uk', 'Moscow State University of Technology (Stankin)', 'http://dummyimage.com/48x48.bmp/ff4444/ffffff', 2);
INSERT INTO `students` VALUES (994, 'Averil', 'Spread', 'aspreadrl@i2i.jp', 'Banat\'s University of Agricultural Sciences', 'http://dummyimage.com/48x48.jpg/cc0000/ffffff', 1);
INSERT INTO `students` VALUES (995, 'Tallou', 'Roycroft', 'troycroftrm@slideshare.net', 'University of Alaska (System)', 'http://dummyimage.com/48x48.jpg/dddddd/000000', 2);
INSERT INTO `students` VALUES (996, 'Micaela', 'Hryniewicz', 'mhryniewiczrn@princeton.edu', 'Atish Dipankar University', 'http://dummyimage.com/48x48.bmp/dddddd/000000', 2);
INSERT INTO `students` VALUES (997, 'Berne', 'Gueny', 'bguenyro@skype.com', 'Grace Bible College', 'http://dummyimage.com/48x48.png/cc0000/ffffff', 1);
INSERT INTO `students` VALUES (998, 'Callie', 'Pennone', 'cpennonerp@uiuc.edu', 'Nayanova University', 'http://dummyimage.com/48x48.jpg/cc0000/ffffff', 2);
INSERT INTO `students` VALUES (999, 'Sascha', 'Sabater', 'ssabaterrq@so-net.ne.jp', 'International University of Southern Europe', 'http://dummyimage.com/48x48.bmp/5fa2dd/ffffff', 1);
INSERT INTO `students` VALUES (1000, 'Hugh', 'Shee', 'hsheerr@amazonaws.com', 'Samara State University of Teacher Training', 'http://dummyimage.com/48x48.png/cc0000/ffffff', 1);
COMMIT;

-- ----------------------------
-- Table structure for users
-- ----------------------------
DROP TABLE IF EXISTS `users`;
CREATE TABLE `users` (
  `id` int(11) unsigned NOT NULL AUTO_INCREMENT,
  `username` varchar(50) DEFAULT NULL,
  `password` varchar(200) DEFAULT NULL,
  `fullname` varchar(20) DEFAULT NULL,
  `device_token` varchar(200) DEFAULT NULL,
  `group_id` int(3) DEFAULT NULL,
  `image` longblob,
  `comment` varchar(200) DEFAULT NULL,
  PRIMARY KEY (`id`)
) ENGINE=InnoDB AUTO_INCREMENT=2 DEFAULT CHARSET=utf8;

-- ----------------------------
-- Records of users
-- ----------------------------
BEGIN;
INSERT INTO `users` VALUES (1, 'admin', 'e10adc3949ba59abbe56e057f20f883e', 'Satit Rianpit', '', 1, '', 'password: 123456');
COMMIT;

SET FOREIGN_KEY_CHECKS = 1;
